ISO-10303-21;
HEADER;
/* Generated by software containing ST-Developer
 * from STEP Tools, Inc. (www.steptools.com) 
 */
/* OPTION: using custom renumber hook */

FILE_DESCRIPTION(
/* description */ ('STEP AP214'),
/* implementation_level */ '2;1');

FILE_NAME(
/* name */ 'CJT-T-P-HH-RA-BH1',
/* time_stamp */ '2026-06-23T21:38:08+02:00',
/* author */ ('License CC BY-ND 4.0'),
/* organization */ ('CADENAS'),
/* preprocessor_version */ 'ST-DEVELOPER v20',
/* originating_system */ 'PARTsolutions',
/* authorisation */ '  ');

FILE_SCHEMA (('AUTOMOTIVE_DESIGN {1 0 10303 214 3 1 1}'));
ENDSEC;

DATA;
#10=PROPERTY_DEFINITION_REPRESENTATION(#14,#12);
#11=PROPERTY_DEFINITION_REPRESENTATION(#15,#13);
#12=REPRESENTATION('',(#16),#4225);
#13=REPRESENTATION('',(#17),#4225);
#14=PROPERTY_DEFINITION('pmi validation property','',#4230);
#15=PROPERTY_DEFINITION('pmi validation property','',#4230);
#16=VALUE_REPRESENTATION_ITEM('number of annotations',COUNT_MEASURE(0.));
#17=VALUE_REPRESENTATION_ITEM('number of views',COUNT_MEASURE(0.));
#18=SHAPE_REPRESENTATION_RELATIONSHIP('','',#2406,#19);
#19=ADVANCED_BREP_SHAPE_REPRESENTATION('',(#2404),#4225);
#20=TOROIDAL_SURFACE('',#2484,4.67660714285712,2.39660714285712);
#21=TOROIDAL_SURFACE('',#2487,4.67660714285712,2.39660714285712);
#22=ELLIPSE('',#2443,3.1847536355183,1.51629594579504);
#23=ELLIPSE('',#2445,3.1847536355183,1.51629594579504);
#24=ELLIPSE('',#2449,3.94000000000043,1.96999999999999);
#25=ELLIPSE('',#2456,3.94000000000043,1.96999999999999);
#26=SPHERICAL_SURFACE('',#2430,0.190000000000745);
#27=SPHERICAL_SURFACE('',#2432,0.190000000000749);
#28=LINE('',#3376,#194);
#29=LINE('',#3388,#195);
#30=LINE('',#3400,#196);
#31=LINE('',#3412,#197);
#32=LINE('',#3424,#198);
#33=LINE('',#3436,#199);
#34=LINE('',#3476,#200);
#35=LINE('',#3484,#201);
#36=LINE('',#3505,#202);
#37=LINE('',#3507,#203);
#38=LINE('',#3516,#204);
#39=LINE('',#3518,#205);
#40=LINE('',#3520,#206);
#41=LINE('',#3522,#207);
#42=LINE('',#3530,#208);
#43=LINE('',#3532,#209);
#44=LINE('',#3539,#210);
#45=LINE('',#3541,#211);
#46=LINE('',#3694,#212);
#47=LINE('',#3697,#213);
#48=LINE('',#3699,#214);
#49=LINE('',#3701,#215);
#50=LINE('',#3703,#216);
#51=LINE('',#3705,#217);
#52=LINE('',#3707,#218);
#53=LINE('',#3709,#219);
#54=LINE('',#3712,#220);
#55=LINE('',#3714,#221);
#56=LINE('',#3716,#222);
#57=LINE('',#3718,#223);
#58=LINE('',#3720,#224);
#59=LINE('',#3722,#225);
#60=LINE('',#3724,#226);
#61=LINE('',#3727,#227);
#62=LINE('',#3729,#228);
#63=LINE('',#3731,#229);
#64=LINE('',#3733,#230);
#65=LINE('',#3735,#231);
#66=LINE('',#3737,#232);
#67=LINE('',#3739,#233);
#68=LINE('',#3742,#234);
#69=LINE('',#3744,#235);
#70=LINE('',#3746,#236);
#71=LINE('',#3748,#237);
#72=LINE('',#3750,#238);
#73=LINE('',#3752,#239);
#74=LINE('',#3754,#240);
#75=LINE('',#3756,#241);
#76=LINE('',#3758,#242);
#77=LINE('',#3760,#243);
#78=LINE('',#3764,#244);
#79=LINE('',#3766,#245);
#80=LINE('',#3768,#246);
#81=LINE('',#3771,#247);
#82=LINE('',#3773,#248);
#83=LINE('',#3775,#249);
#84=LINE('',#3780,#250);
#85=LINE('',#3782,#251);
#86=LINE('',#3784,#252);
#87=LINE('',#3788,#253);
#88=LINE('',#3790,#254);
#89=LINE('',#3792,#255);
#90=LINE('',#3794,#256);
#91=LINE('',#3797,#257);
#92=LINE('',#3799,#258);
#93=LINE('',#3801,#259);
#94=LINE('',#3806,#260);
#95=LINE('',#3808,#261);
#96=LINE('',#3810,#262);
#97=LINE('',#3812,#263);
#98=LINE('',#3816,#264);
#99=LINE('',#3818,#265);
#100=LINE('',#3820,#266);
#101=LINE('',#3823,#267);
#102=LINE('',#3825,#268);
#103=LINE('',#3827,#269);
#104=LINE('',#3832,#270);
#105=LINE('',#3834,#271);
#106=LINE('',#3836,#272);
#107=LINE('',#3840,#273);
#108=LINE('',#3842,#274);
#109=LINE('',#3844,#275);
#110=LINE('',#3846,#276);
#111=LINE('',#3849,#277);
#112=LINE('',#3851,#278);
#113=LINE('',#3853,#279);
#114=LINE('',#3864,#280);
#115=LINE('',#3867,#281);
#116=LINE('',#3868,#282);
#117=LINE('',#3870,#283);
#118=LINE('',#3872,#284);
#119=LINE('',#3874,#285);
#120=LINE('',#3876,#286);
#121=LINE('',#3880,#287);
#122=LINE('',#3882,#288);
#123=LINE('',#3884,#289);
#124=LINE('',#3887,#290);
#125=LINE('',#3888,#291);
#126=LINE('',#3890,#292);
#127=LINE('',#3892,#293);
#128=LINE('',#3896,#294);
#129=LINE('',#3898,#295);
#130=LINE('',#3900,#296);
#131=LINE('',#3902,#297);
#132=LINE('',#3904,#298);
#133=LINE('',#3907,#299);
#134=LINE('',#3908,#300);
#135=LINE('',#3910,#301);
#136=LINE('',#3912,#302);
#137=LINE('',#3914,#303);
#138=LINE('',#3916,#304);
#139=LINE('',#3920,#305);
#140=LINE('',#3922,#306);
#141=LINE('',#3924,#307);
#142=LINE('',#3927,#308);
#143=LINE('',#3928,#309);
#144=LINE('',#3932,#310);
#145=LINE('',#3934,#311);
#146=LINE('',#3936,#312);
#147=LINE('',#3938,#313);
#148=LINE('',#3940,#314);
#149=LINE('',#3942,#315);
#150=LINE('',#3950,#316);
#151=LINE('',#3953,#317);
#152=LINE('',#3955,#318);
#153=LINE('',#3957,#319);
#154=LINE('',#3959,#320);
#155=LINE('',#3961,#321);
#156=LINE('',#3963,#322);
#157=LINE('',#3965,#323);
#158=LINE('',#3967,#324);
#159=LINE('',#3969,#325);
#160=LINE('',#3971,#326);
#161=LINE('',#3973,#327);
#162=LINE('',#3975,#328);
#163=LINE('',#3977,#329);
#164=LINE('',#3979,#330);
#165=LINE('',#3981,#331);
#166=LINE('',#3983,#332);
#167=LINE('',#3985,#333);
#168=LINE('',#3987,#334);
#169=LINE('',#3989,#335);
#170=LINE('',#3998,#336);
#171=LINE('',#4003,#337);
#172=LINE('',#4019,#338);
#173=LINE('',#4024,#339);
#174=LINE('',#4040,#340);
#175=LINE('',#4045,#341);
#176=LINE('',#4061,#342);
#177=LINE('',#4066,#343);
#178=LINE('',#4082,#344);
#179=LINE('',#4087,#345);
#180=LINE('',#4088,#346);
#181=LINE('',#4089,#347);
#182=LINE('',#4090,#348);
#183=LINE('',#4091,#349);
#184=LINE('',#4107,#350);
#185=LINE('',#4111,#351);
#186=LINE('',#4113,#352);
#187=LINE('',#4118,#353);
#188=LINE('',#4143,#354);
#189=LINE('',#4157,#355);
#190=LINE('',#4171,#356);
#191=LINE('',#4185,#357);
#192=LINE('',#4199,#358);
#193=LINE('',#4213,#359);
#194=VECTOR('',#2684,1000.);
#195=VECTOR('',#2685,1000.);
#196=VECTOR('',#2688,1000.);
#197=VECTOR('',#2691,1000.);
#198=VECTOR('',#2694,1000.);
#199=VECTOR('',#2697,1000.);
#200=VECTOR('',#2724,1000.);
#201=VECTOR('',#2725,1000.);
#202=VECTOR('',#2740,1000.);
#203=VECTOR('',#2741,1000.);
#204=VECTOR('',#2746,1000.);
#205=VECTOR('',#2749,1000.);
#206=VECTOR('',#2750,1000.);
#207=VECTOR('',#2753,1000.);
#208=VECTOR('',#2756,1000.);
#209=VECTOR('',#2757,1000.);
#210=VECTOR('',#2760,1000.);
#211=VECTOR('',#2763,1000.);
#212=VECTOR('',#2876,1000.);
#213=VECTOR('',#2877,1000.);
#214=VECTOR('',#2878,1000.);
#215=VECTOR('',#2879,1000.);
#216=VECTOR('',#2882,1000.);
#217=VECTOR('',#2883,1000.);
#218=VECTOR('',#2884,1000.);
#219=VECTOR('',#2887,1000.);
#220=VECTOR('',#2888,1000.);
#221=VECTOR('',#2889,1000.);
#222=VECTOR('',#2890,1000.);
#223=VECTOR('',#2893,1000.);
#224=VECTOR('',#2894,1000.);
#225=VECTOR('',#2895,1000.);
#226=VECTOR('',#2898,1000.);
#227=VECTOR('',#2899,1000.);
#228=VECTOR('',#2900,1000.);
#229=VECTOR('',#2901,1000.);
#230=VECTOR('',#2904,1000.);
#231=VECTOR('',#2905,1000.);
#232=VECTOR('',#2906,1000.);
#233=VECTOR('',#2909,1000.);
#234=VECTOR('',#2910,1000.);
#235=VECTOR('',#2911,1000.);
#236=VECTOR('',#2912,1000.);
#237=VECTOR('',#2915,1000.);
#238=VECTOR('',#2916,1000.);
#239=VECTOR('',#2917,1000.);
#240=VECTOR('',#2920,1000.);
#241=VECTOR('',#2921,1000.);
#242=VECTOR('',#2922,1000.);
#243=VECTOR('',#2925,1000.);
#244=VECTOR('',#2930,1000.);
#245=VECTOR('',#2931,1000.);
#246=VECTOR('',#2934,1000.);
#247=VECTOR('',#2935,1000.);
#248=VECTOR('',#2936,1000.);
#249=VECTOR('',#2937,1000.);
#250=VECTOR('',#2944,1000.);
#251=VECTOR('',#2945,1000.);
#252=VECTOR('',#2946,1000.);
#253=VECTOR('',#2951,1000.);
#254=VECTOR('',#2954,1000.);
#255=VECTOR('',#2955,1000.);
#256=VECTOR('',#2958,1000.);
#257=VECTOR('',#2959,1000.);
#258=VECTOR('',#2960,1000.);
#259=VECTOR('',#2961,1000.);
#260=VECTOR('',#2968,1000.);
#261=VECTOR('',#2969,1000.);
#262=VECTOR('',#2970,1000.);
#263=VECTOR('',#2973,1000.);
#264=VECTOR('',#2978,1000.);
#265=VECTOR('',#2979,1000.);
#266=VECTOR('',#2982,1000.);
#267=VECTOR('',#2983,1000.);
#268=VECTOR('',#2984,1000.);
#269=VECTOR('',#2985,1000.);
#270=VECTOR('',#2992,1000.);
#271=VECTOR('',#2993,1000.);
#272=VECTOR('',#2994,1000.);
#273=VECTOR('',#2999,1000.);
#274=VECTOR('',#3002,1000.);
#275=VECTOR('',#3003,1000.);
#276=VECTOR('',#3006,1000.);
#277=VECTOR('',#3007,1000.);
#278=VECTOR('',#3008,1000.);
#279=VECTOR('',#3009,1000.);
#280=VECTOR('',#3024,1000.);
#281=VECTOR('',#3025,1000.);
#282=VECTOR('',#3026,1000.);
#283=VECTOR('',#3029,1000.);
#284=VECTOR('',#3030,1000.);
#285=VECTOR('',#3033,1000.);
#286=VECTOR('',#3034,1000.);
#287=VECTOR('',#3039,1000.);
#288=VECTOR('',#3042,1000.);
#289=VECTOR('',#3045,1000.);
#290=VECTOR('',#3046,1000.);
#291=VECTOR('',#3047,1000.);
#292=VECTOR('',#3050,1000.);
#293=VECTOR('',#3051,1000.);
#294=VECTOR('',#3056,1000.);
#295=VECTOR('',#3059,1000.);
#296=VECTOR('',#3060,1000.);
#297=VECTOR('',#3063,1000.);
#298=VECTOR('',#3066,1000.);
#299=VECTOR('',#3067,1000.);
#300=VECTOR('',#3068,1000.);
#301=VECTOR('',#3071,1000.);
#302=VECTOR('',#3072,1000.);
#303=VECTOR('',#3075,1000.);
#304=VECTOR('',#3076,1000.);
#305=VECTOR('',#3081,1000.);
#306=VECTOR('',#3084,1000.);
#307=VECTOR('',#3087,1000.);
#308=VECTOR('',#3088,1000.);
#309=VECTOR('',#3089,1000.);
#310=VECTOR('',#3094,1000.);
#311=VECTOR('',#3097,1000.);
#312=VECTOR('',#3098,1000.);
#313=VECTOR('',#3101,1000.);
#314=VECTOR('',#3102,1000.);
#315=VECTOR('',#3105,1000.);
#316=VECTOR('',#3116,1000.);
#317=VECTOR('',#3117,1000.);
#318=VECTOR('',#3118,1000.);
#319=VECTOR('',#3119,1000.);
#320=VECTOR('',#3122,1000.);
#321=VECTOR('',#3123,1000.);
#322=VECTOR('',#3124,1000.);
#323=VECTOR('',#3127,1000.);
#324=VECTOR('',#3128,1000.);
#325=VECTOR('',#3129,1000.);
#326=VECTOR('',#3132,1000.);
#327=VECTOR('',#3133,1000.);
#328=VECTOR('',#3134,1000.);
#329=VECTOR('',#3137,1000.);
#330=VECTOR('',#3138,1000.);
#331=VECTOR('',#3139,1000.);
#332=VECTOR('',#3142,1000.);
#333=VECTOR('',#3143,1000.);
#334=VECTOR('',#3146,1000.);
#335=VECTOR('',#3147,1000.);
#336=VECTOR('',#3162,1000.);
#337=VECTOR('',#3165,1000.);
#338=VECTOR('',#3174,1000.);
#339=VECTOR('',#3177,1000.);
#340=VECTOR('',#3186,1000.);
#341=VECTOR('',#3189,1000.);
#342=VECTOR('',#3198,1000.);
#343=VECTOR('',#3201,1000.);
#344=VECTOR('',#3210,1000.);
#345=VECTOR('',#3213,1000.);
#346=VECTOR('',#3214,1000.);
#347=VECTOR('',#3215,1000.);
#348=VECTOR('',#3216,1000.);
#349=VECTOR('',#3217,1000.);
#350=VECTOR('',#3226,1000.);
#351=VECTOR('',#3229,1000.);
#352=VECTOR('',#3232,1000.);
#353=VECTOR('',#3235,1000.);
#354=VECTOR('',#3246,1000.);
#355=VECTOR('',#3253,1000.);
#356=VECTOR('',#3260,1000.);
#357=VECTOR('',#3267,1000.);
#358=VECTOR('',#3274,1000.);
#359=VECTOR('',#3281,1000.);
#360=PLANE('',#2423);
#361=PLANE('',#2424);
#362=PLANE('',#2425);
#363=PLANE('',#2426);
#364=PLANE('',#2427);
#365=PLANE('',#2428);
#366=PLANE('',#2429);
#367=PLANE('',#2438);
#368=PLANE('',#2446);
#369=PLANE('',#2448);
#370=PLANE('',#2451);
#371=PLANE('',#2453);
#372=PLANE('',#2455);
#373=PLANE('',#2457);
#374=PLANE('',#2459);
#375=PLANE('',#2469);
#376=PLANE('',#2473);
#377=PLANE('',#2482);
#378=PLANE('',#2502);
#379=PLANE('',#2505);
#380=PLANE('',#2510);
#381=PLANE('',#2511);
#382=PLANE('',#2512);
#383=PLANE('',#2513);
#384=PLANE('',#2514);
#385=PLANE('',#2515);
#386=PLANE('',#2516);
#387=PLANE('',#2517);
#388=PLANE('',#2518);
#389=PLANE('',#2519);
#390=PLANE('',#2520);
#391=PLANE('',#2522);
#392=PLANE('',#2523);
#393=PLANE('',#2526);
#394=PLANE('',#2527);
#395=PLANE('',#2529);
#396=PLANE('',#2530);
#397=PLANE('',#2533);
#398=PLANE('',#2534);
#399=PLANE('',#2536);
#400=PLANE('',#2537);
#401=PLANE('',#2540);
#402=PLANE('',#2541);
#403=PLANE('',#2543);
#404=PLANE('',#2544);
#405=PLANE('',#2547);
#406=PLANE('',#2549);
#407=PLANE('',#2551);
#408=PLANE('',#2552);
#409=PLANE('',#2553);
#410=PLANE('',#2556);
#411=PLANE('',#2557);
#412=PLANE('',#2558);
#413=PLANE('',#2561);
#414=PLANE('',#2562);
#415=PLANE('',#2563);
#416=PLANE('',#2564);
#417=PLANE('',#2565);
#418=PLANE('',#2568);
#419=PLANE('',#2569);
#420=PLANE('',#2572);
#421=PLANE('',#2573);
#422=PLANE('',#2574);
#423=PLANE('',#2579);
#424=PLANE('',#2580);
#425=PLANE('',#2581);
#426=PLANE('',#2582);
#427=PLANE('',#2583);
#428=PLANE('',#2584);
#429=PLANE('',#2585);
#430=PLANE('',#2586);
#431=PLANE('',#2588);
#432=PLANE('',#2612);
#433=PLANE('',#2625);
#434=PLANE('',#2628);
#435=PLANE('',#2631);
#436=PLANE('',#2634);
#437=PLANE('',#2637);
#438=PLANE('',#2640);
#439=PLANE('',#2641);
#440=PLANE('',#2645);
#441=B_SPLINE_CURVE_WITH_KNOTS('',3,(#3303,#3304,#3305,#3306),
 .UNSPECIFIED.,.F.,.F.,(4,4),(2.38073758196346E-7,0.00233697415164177),
 .UNSPECIFIED.);
#442=B_SPLINE_CURVE_WITH_KNOTS('',3,(#3309,#3310,#3311,#3312),
 .UNSPECIFIED.,.F.,.F.,(4,4),(0.00233697415164106,0.00466497761979124),
 .UNSPECIFIED.);
#443=B_SPLINE_CURVE_WITH_KNOTS('',3,(#3316,#3317,#3318,#3319),
 .UNSPECIFIED.,.F.,.F.,(4,4),(0.00233697415164177,0.0046649776197908),
 .UNSPECIFIED.);
#444=B_SPLINE_CURVE_WITH_KNOTS('',3,(#3323,#3324,#3325,#3326),
 .UNSPECIFIED.,.F.,.F.,(4,4),(0.00503166209285704,0.0073811911491828),
 .UNSPECIFIED.);
#445=B_SPLINE_CURVE_WITH_KNOTS('',3,(#3328,#3329,#3330,#3331),
 .UNSPECIFIED.,.F.,.F.,(4,4),(0.0073811911491828,0.00972938206072023),
 .UNSPECIFIED.);
#446=B_SPLINE_CURVE_WITH_KNOTS('',3,(#3335,#3336,#3337,#3338),
 .UNSPECIFIED.,.F.,.F.,(4,4),(2.38073758146828E-7,0.00233697415164125),
 .UNSPECIFIED.);
#447=B_SPLINE_CURVE_WITH_KNOTS('',3,(#3340,#3341,#3342,#3343),
 .UNSPECIFIED.,.F.,.F.,(4,4),(2.38073758157921E-7,0.00233697415164106),
 .UNSPECIFIED.);
#448=B_SPLINE_CURVE_WITH_KNOTS('',3,(#3345,#3346,#3347,#3348),
 .UNSPECIFIED.,.F.,.F.,(4,4),(0.00738119114918246,0.00972938206072018),
 .UNSPECIFIED.);
#449=B_SPLINE_CURVE_WITH_KNOTS('',3,(#3352,#3353,#3354,#3355),
 .UNSPECIFIED.,.F.,.F.,(4,4),(0.00233697415164125,0.00466497761979096),
 .UNSPECIFIED.);
#450=B_SPLINE_CURVE_WITH_KNOTS('',3,(#3359,#3360,#3361,#3362),
 .UNSPECIFIED.,.F.,.F.,(4,4),(2.38073758155341E-7,0.00233697415164146),
 .UNSPECIFIED.);
#451=B_SPLINE_CURVE_WITH_KNOTS('',3,(#3364,#3365,#3366,#3367),
 .UNSPECIFIED.,.F.,.F.,(4,4),(0.005031662092857,0.00738119114918246),
 .UNSPECIFIED.);
#452=B_SPLINE_CURVE_WITH_KNOTS('',3,(#3369,#3370,#3371,#3372),
 .UNSPECIFIED.,.F.,.F.,(4,4),(0.00233697415164146,0.00466497761979097),
 .UNSPECIFIED.);
#453=B_SPLINE_CURVE_WITH_KNOTS('',3,(#3378,#3379,#3380,#3381),
 .UNSPECIFIED.,.F.,.F.,(4,4),(2.38073758162447E-7,0.00233697415164147),
 .UNSPECIFIED.);
#454=B_SPLINE_CURVE_WITH_KNOTS('',3,(#3383,#3384,#3385,#3386),
 .UNSPECIFIED.,.F.,.F.,(4,4),(0.00233697415164147,0.00466497761979095),
 .UNSPECIFIED.);
#455=B_SPLINE_CURVE_WITH_KNOTS('',3,(#3390,#3391,#3392,#3393),
 .UNSPECIFIED.,.F.,.F.,(4,4),(0.005031662092857,0.00738119114918245),
 .UNSPECIFIED.);
#456=B_SPLINE_CURVE_WITH_KNOTS('',3,(#3395,#3396,#3397,#3398),
 .UNSPECIFIED.,.F.,.F.,(4,4),(0.00738119114918245,0.00972938206072015),
 .UNSPECIFIED.);
#457=B_SPLINE_CURVE_WITH_KNOTS('',3,(#3402,#3403,#3404,#3405),
 .UNSPECIFIED.,.F.,.F.,(4,4),(2.38073758161753E-7,0.00233697415164083),
 .UNSPECIFIED.);
#458=B_SPLINE_CURVE_WITH_KNOTS('',3,(#3407,#3408,#3409,#3410),
 .UNSPECIFIED.,.F.,.F.,(4,4),(0.00233697415164083,0.00466497761979079),
 .UNSPECIFIED.);
#459=B_SPLINE_CURVE_WITH_KNOTS('',3,(#3414,#3415,#3416,#3417),
 .UNSPECIFIED.,.F.,.F.,(4,4),(2.38073758162627E-7,0.002336974151642),
 .UNSPECIFIED.);
#460=B_SPLINE_CURVE_WITH_KNOTS('',3,(#3419,#3420,#3421,#3422),
 .UNSPECIFIED.,.F.,.F.,(4,4),(0.002336974151642,0.00466497761979128),
 .UNSPECIFIED.);
#461=B_SPLINE_CURVE_WITH_KNOTS('',3,(#3426,#3427,#3428,#3429),
 .UNSPECIFIED.,.F.,.F.,(4,4),(0.00503166209285703,0.00738119114918279),
 .UNSPECIFIED.);
#462=B_SPLINE_CURVE_WITH_KNOTS('',3,(#3431,#3432,#3433,#3434),
 .UNSPECIFIED.,.F.,.F.,(4,4),(0.00738119114918279,0.00972938206072018),
 .UNSPECIFIED.);
#463=B_SPLINE_CURVE_WITH_KNOTS('',3,(#3438,#3439,#3440,#3441),
 .UNSPECIFIED.,.F.,.F.,(4,4),(2.38073758161753E-7,0.00233697415164125),
 .UNSPECIFIED.);
#464=B_SPLINE_CURVE_WITH_KNOTS('',3,(#3443,#3444,#3445,#3446),
 .UNSPECIFIED.,.F.,.F.,(4,4),(0.00233697415164125,0.00466497761979095),
 .UNSPECIFIED.);
#465=B_SPLINE_CURVE_WITH_KNOTS('',3,(#3463,#3464,#3465,#3466),
 .UNSPECIFIED.,.F.,.F.,(4,4),(0.,0.000228914179479455),.UNSPECIFIED.);
#466=B_SPLINE_CURVE_WITH_KNOTS('',3,(#3471,#3472,#3473,#3474),
 .UNSPECIFIED.,.F.,.F.,(4,4),(0.,0.000228916916786037),.UNSPECIFIED.);
#467=B_SPLINE_CURVE_WITH_KNOTS('',3,(#3478,#3479,#3480,#3481,#3482),
 .UNSPECIFIED.,.F.,.F.,(4,1,4),(0.,0.000596050688544197,0.00119210137708839),
 .UNSPECIFIED.);
#468=B_SPLINE_CURVE_WITH_KNOTS('',3,(#3486,#3487,#3488,#3489),
 .UNSPECIFIED.,.F.,.F.,(4,4),(2.30804406770599E-7,3.72927038056522E-5),
 .UNSPECIFIED.);
#469=B_SPLINE_CURVE_WITH_KNOTS('',3,(#3497,#3498,#3499,#3500),
 .UNSPECIFIED.,.F.,.F.,(4,4),(2.22204348607636E-7,3.72841037474883E-5),
 .UNSPECIFIED.);
#470=B_SPLINE_CURVE_WITH_KNOTS('',3,(#3511,#3512,#3513,#3514),
 .UNSPECIFIED.,.F.,.F.,(4,4),(0.,0.000265701607744882),.UNSPECIFIED.);
#471=B_SPLINE_CURVE_WITH_KNOTS('',3,(#3524,#3525,#3526,#3527,#3528),
 .UNSPECIFIED.,.F.,.F.,(4,1,4),(0.,0.00059526447242543,0.00119052894485086),
 .UNSPECIFIED.);
#472=B_SPLINE_CURVE_WITH_KNOTS('',3,(#3534,#3535,#3536,#3537),
 .UNSPECIFIED.,.F.,.F.,(4,4),(0.,0.000265706152638387),.UNSPECIFIED.);
#473=B_SPLINE_CURVE_WITH_KNOTS('',3,(#3568,#3569,#3570,#3571),
 .UNSPECIFIED.,.F.,.F.,(4,4),(0.00263764291760326,0.00330092240803614),
 .UNSPECIFIED.);
#474=B_SPLINE_CURVE_WITH_KNOTS('',3,(#3576,#3577,#3578,#3579),
 .UNSPECIFIED.,.F.,.F.,(4,4),(0.00263764291760526,0.00330092240803813),
 .UNSPECIFIED.);
#475=B_SPLINE_CURVE_WITH_KNOTS('',3,(#3583,#3584,#3585,#3586),
 .UNSPECIFIED.,.F.,.F.,(4,4),(3.22955026909783E-7,0.000335152958011151),
 .UNSPECIFIED.);
#476=B_SPLINE_CURVE_WITH_KNOTS('',3,(#3588,#3589,#3590,#3591),
 .UNSPECIFIED.,.F.,.F.,(4,4),(7.81496960172502E-7,0.000335569471351162),
 .UNSPECIFIED.);
#477=B_SPLINE_CURVE_WITH_KNOTS('',3,(#3593,#3594,#3595,#3596,#3597),
 .UNSPECIFIED.,.F.,.F.,(4,1,4),(0.,0.000523131439289913,0.00104626287857983),
 .UNSPECIFIED.);
#478=B_SPLINE_CURVE_WITH_KNOTS('',3,(#3599,#3600,#3601,#3602,#3603),
 .UNSPECIFIED.,.F.,.F.,(4,1,4),(0.,0.000523131439289989,0.00104626287857998),
 .UNSPECIFIED.);
#479=B_SPLINE_CURVE_WITH_KNOTS('',3,(#3609,#3610,#3611,#3612),
 .UNSPECIFIED.,.F.,.F.,(4,4),(3.2295502691623E-7,0.000335152958011081),
 .UNSPECIFIED.);
#480=B_SPLINE_CURVE_WITH_KNOTS('',3,(#3616,#3617,#3618,#3619),
 .UNSPECIFIED.,.F.,.F.,(4,4),(7.81496960168404E-7,0.00033556947135111),
 .UNSPECIFIED.);
#481=B_SPLINE_CURVE_WITH_KNOTS('',3,(#3621,#3622,#3623,#3624),
 .UNSPECIFIED.,.F.,.F.,(4,4),(0.00263764291760332,0.0033009224080363),
 .UNSPECIFIED.);
#482=B_SPLINE_CURVE_WITH_KNOTS('',3,(#3628,#3629,#3630,#3631),
 .UNSPECIFIED.,.F.,.F.,(4,4),(0.00263764291760347,0.00330092240803643),
 .UNSPECIFIED.);
#483=B_SPLINE_CURVE_WITH_KNOTS('',3,(#3633,#3634,#3635,#3636),
 .UNSPECIFIED.,.F.,.F.,(4,4),(3.2295502694292E-7,0.000335152958011113),
 .UNSPECIFIED.);
#484=B_SPLINE_CURVE_WITH_KNOTS('',3,(#3640,#3641,#3642,#3643),
 .UNSPECIFIED.,.F.,.F.,(4,4),(7.81496960174709E-7,0.000335569471351169),
 .UNSPECIFIED.);
#485=B_SPLINE_CURVE_WITH_KNOTS('',3,(#3645,#3646,#3647,#3648),
 .UNSPECIFIED.,.F.,.F.,(4,4),(3.22955026937735E-7,0.000335152958011162),
 .UNSPECIFIED.);
#486=B_SPLINE_CURVE_WITH_KNOTS('',3,(#3650,#3651,#3652,#3653,#3654),
 .UNSPECIFIED.,.F.,.F.,(4,1,4),(5.42101086242752E-20,0.000523131439289937,
0.00104626287857987),.UNSPECIFIED.);
#487=B_SPLINE_CURVE_WITH_KNOTS('',3,(#3658,#3659,#3660,#3661),
 .UNSPECIFIED.,.F.,.F.,(4,4),(7.81496960171091E-7,0.000335569471351094),
 .UNSPECIFIED.);
#488=B_SPLINE_CURVE_WITH_KNOTS('',3,(#3663,#3664,#3665,#3666,#3667),
 .UNSPECIFIED.,.F.,.F.,(4,1,4),(5.42101086242752E-20,0.000523131439290014,
0.00104626287858003),.UNSPECIFIED.);
#489=B_SPLINE_CURVE_WITH_KNOTS('',3,(#4007,#4008,#4009,#4010),
 .UNSPECIFIED.,.F.,.F.,(4,4),(1.14219298908897E-6,0.000776020214287141),
 .UNSPECIFIED.);
#490=B_SPLINE_CURVE_WITH_KNOTS('',3,(#4012,#4013,#4014,#4015),
 .UNSPECIFIED.,.F.,.F.,(4,4),(0.00425613298748258,0.00502362271665568),
 .UNSPECIFIED.);
#491=B_SPLINE_CURVE_WITH_KNOTS('',3,(#4028,#4029,#4030,#4031),
 .UNSPECIFIED.,.F.,.F.,(4,4),(1.14219298910155E-6,0.000776020214287145),
 .UNSPECIFIED.);
#492=B_SPLINE_CURVE_WITH_KNOTS('',3,(#4033,#4034,#4035,#4036),
 .UNSPECIFIED.,.F.,.F.,(4,4),(0.00425613298748244,0.00502362271665559),
 .UNSPECIFIED.);
#493=B_SPLINE_CURVE_WITH_KNOTS('',3,(#4049,#4050,#4051,#4052),
 .UNSPECIFIED.,.F.,.F.,(4,4),(1.14219298906535E-6,0.000776020214287161),
 .UNSPECIFIED.);
#494=B_SPLINE_CURVE_WITH_KNOTS('',3,(#4054,#4055,#4056,#4057),
 .UNSPECIFIED.,.F.,.F.,(4,4),(0.0042561329874823,0.00502362271665551),
 .UNSPECIFIED.);
#495=B_SPLINE_CURVE_WITH_KNOTS('',3,(#4070,#4071,#4072,#4073),
 .UNSPECIFIED.,.F.,.F.,(4,4),(1.14219298902413E-6,0.000776020214287179),
 .UNSPECIFIED.);
#496=B_SPLINE_CURVE_WITH_KNOTS('',3,(#4075,#4076,#4077,#4078),
 .UNSPECIFIED.,.F.,.F.,(4,4),(0.0042561329874823,0.0050236227166555),
 .UNSPECIFIED.);
#497=B_SPLINE_CURVE_WITH_KNOTS('',3,(#4095,#4096,#4097,#4098),
 .UNSPECIFIED.,.F.,.F.,(4,4),(1.14219298904625E-6,0.000776020214287158),
 .UNSPECIFIED.);
#498=B_SPLINE_CURVE_WITH_KNOTS('',3,(#4102,#4103,#4104,#4105),
 .UNSPECIFIED.,.F.,.F.,(4,4),(0.00425613298748257,0.00502362271665567),
 .UNSPECIFIED.);
#499=B_SPLINE_CURVE_WITH_KNOTS('',3,(#4122,#4123,#4124,#4125),
 .UNSPECIFIED.,.F.,.F.,(4,4),(0.00425613298748243,0.00502362271665558),
 .UNSPECIFIED.);
#500=B_SPLINE_CURVE_WITH_KNOTS('',3,(#4126,#4127,#4128,#4129),
 .UNSPECIFIED.,.F.,.F.,(4,4),(1.1421929890146E-6,0.000776020214287177),
 .UNSPECIFIED.);
#501=B_SPLINE_CURVE_WITH_KNOTS('',3,(#4131,#4132,#4133,#4134),
 .UNSPECIFIED.,.F.,.F.,(4,4),(0.00332593059924265,0.00466601297658207),
 .UNSPECIFIED.);
#502=B_SPLINE_CURVE_WITH_KNOTS('',3,(#4138,#4139,#4140,#4141),
 .UNSPECIFIED.,.F.,.F.,(4,4),(2.82473961808608E-6,0.00135075366279752),
 .UNSPECIFIED.);
#503=B_SPLINE_CURVE_WITH_KNOTS('',3,(#4145,#4146,#4147,#4148),
 .UNSPECIFIED.,.F.,.F.,(4,4),(0.0033259305992429,0.00466601297658227),
 .UNSPECIFIED.);
#504=B_SPLINE_CURVE_WITH_KNOTS('',3,(#4152,#4153,#4154,#4155),
 .UNSPECIFIED.,.F.,.F.,(4,4),(2.8247396181211E-6,0.00135075366279756),
 .UNSPECIFIED.);
#505=B_SPLINE_CURVE_WITH_KNOTS('',3,(#4159,#4160,#4161,#4162),
 .UNSPECIFIED.,.F.,.F.,(4,4),(0.00332593059924293,0.0046660129765823),
 .UNSPECIFIED.);
#506=B_SPLINE_CURVE_WITH_KNOTS('',3,(#4166,#4167,#4168,#4169),
 .UNSPECIFIED.,.F.,.F.,(4,4),(2.82473961807803E-6,0.00135075366279758),
 .UNSPECIFIED.);
#507=B_SPLINE_CURVE_WITH_KNOTS('',3,(#4173,#4174,#4175,#4176),
 .UNSPECIFIED.,.F.,.F.,(4,4),(0.00332593059924271,0.00466601297658214),
 .UNSPECIFIED.);
#508=B_SPLINE_CURVE_WITH_KNOTS('',3,(#4180,#4181,#4182,#4183),
 .UNSPECIFIED.,.F.,.F.,(4,4),(2.82473961800561E-6,0.00135075366279758),
 .UNSPECIFIED.);
#509=B_SPLINE_CURVE_WITH_KNOTS('',3,(#4187,#4188,#4189,#4190),
 .UNSPECIFIED.,.F.,.F.,(4,4),(0.00332593059924245,0.00466601297658195),
 .UNSPECIFIED.);
#510=B_SPLINE_CURVE_WITH_KNOTS('',3,(#4194,#4195,#4196,#4197),
 .UNSPECIFIED.,.F.,.F.,(4,4),(2.82473961797121E-6,0.00135075366279754),
 .UNSPECIFIED.);
#511=B_SPLINE_CURVE_WITH_KNOTS('',3,(#4201,#4202,#4203,#4204),
 .UNSPECIFIED.,.F.,.F.,(4,4),(0.00332593059924242,0.00466601297658192),
 .UNSPECIFIED.);
#512=B_SPLINE_CURVE_WITH_KNOTS('',3,(#4206,#4207,#4208,#4209),
 .UNSPECIFIED.,.F.,.F.,(4,4),(2.82473961801132E-6,0.00135075366279751),
 .UNSPECIFIED.);
#513=CONICAL_SURFACE('',#2411,4.00000000000002,1.04719755119667);
#514=CONICAL_SURFACE('',#2413,4.00000000000002,1.04719755119667);
#515=CONICAL_SURFACE('',#2415,4.00000000000002,1.04719755119667);
#516=CONICAL_SURFACE('',#2417,4.00000000000002,1.04719755119667);
#517=CONICAL_SURFACE('',#2419,4.00000000000002,1.04719755119667);
#518=CONICAL_SURFACE('',#2421,4.00000000000002,1.04719755119667);
#519=CONICAL_SURFACE('',#2442,1.64999999999999,0.174532925199562);
#520=CONICAL_SURFACE('',#2461,0.25,0.785398163397448);
#521=CONICAL_SURFACE('',#2465,0.35,0.785398163397446);
#522=CONICAL_SURFACE('',#2492,4.61880215351691,1.04719755119668);
#523=CONICAL_SURFACE('',#2494,4.61880215351691,1.04719755119668);
#524=CONICAL_SURFACE('',#2496,4.61880215351691,1.04719755119668);
#525=CONICAL_SURFACE('',#2498,4.61880215351691,1.04719755119668);
#526=CONICAL_SURFACE('',#2500,4.61880215351691,1.04719755119668);
#527=CONICAL_SURFACE('',#2504,4.61880215351691,1.04719755119668);
#528=CONICAL_SURFACE('',#2595,5.05000000000004,0.523598775598313);
#529=CONICAL_SURFACE('',#2600,5.05000000000004,0.523598775598313);
#530=CONICAL_SURFACE('',#2605,5.05000000000004,0.523598775598313);
#531=CONICAL_SURFACE('',#2610,5.05000000000004,0.523598775598313);
#532=CONICAL_SURFACE('',#2615,5.05000000000004,0.523598775598313);
#533=CONICAL_SURFACE('',#2622,5.05000000000004,0.523598775598313);
#534=CONICAL_SURFACE('',#2623,5.30000000000003,1.04719755119658);
#535=CONICAL_SURFACE('',#2626,5.30000000000003,1.04719755119658);
#536=CONICAL_SURFACE('',#2629,5.30000000000003,1.04719755119658);
#537=CONICAL_SURFACE('',#2632,5.30000000000003,1.04719755119658);
#538=CONICAL_SURFACE('',#2635,5.30000000000003,1.04719755119658);
#539=CONICAL_SURFACE('',#2638,5.30000000000003,1.04719755119658);
#540=ORIENTED_EDGE('',*,*,#1208,.F.);
#541=ORIENTED_EDGE('',*,*,#1209,.F.);
#542=ORIENTED_EDGE('',*,*,#1210,.F.);
#543=ORIENTED_EDGE('',*,*,#1211,.F.);
#544=ORIENTED_EDGE('',*,*,#1212,.T.);
#545=ORIENTED_EDGE('',*,*,#1213,.F.);
#546=ORIENTED_EDGE('',*,*,#1214,.T.);
#547=ORIENTED_EDGE('',*,*,#1215,.F.);
#548=ORIENTED_EDGE('',*,*,#1216,.F.);
#549=ORIENTED_EDGE('',*,*,#1217,.T.);
#550=ORIENTED_EDGE('',*,*,#1218,.F.);
#551=ORIENTED_EDGE('',*,*,#1219,.F.);
#552=ORIENTED_EDGE('',*,*,#1220,.F.);
#553=ORIENTED_EDGE('',*,*,#1221,.T.);
#554=ORIENTED_EDGE('',*,*,#1222,.F.);
#555=ORIENTED_EDGE('',*,*,#1223,.T.);
#556=ORIENTED_EDGE('',*,*,#1224,.F.);
#557=ORIENTED_EDGE('',*,*,#1225,.F.);
#558=ORIENTED_EDGE('',*,*,#1226,.F.);
#559=ORIENTED_EDGE('',*,*,#1227,.T.);
#560=ORIENTED_EDGE('',*,*,#1221,.F.);
#561=ORIENTED_EDGE('',*,*,#1227,.F.);
#562=ORIENTED_EDGE('',*,*,#1223,.F.);
#563=ORIENTED_EDGE('',*,*,#1217,.F.);
#564=ORIENTED_EDGE('',*,*,#1214,.F.);
#565=ORIENTED_EDGE('',*,*,#1212,.F.);
#566=ORIENTED_EDGE('',*,*,#1208,.T.);
#567=ORIENTED_EDGE('',*,*,#1218,.T.);
#568=ORIENTED_EDGE('',*,*,#1222,.T.);
#569=ORIENTED_EDGE('',*,*,#1228,.T.);
#570=ORIENTED_EDGE('',*,*,#1229,.T.);
#571=ORIENTED_EDGE('',*,*,#1230,.T.);
#572=ORIENTED_EDGE('',*,*,#1231,.F.);
#573=ORIENTED_EDGE('',*,*,#1215,.T.);
#574=ORIENTED_EDGE('',*,*,#1216,.T.);
#575=ORIENTED_EDGE('',*,*,#1231,.T.);
#576=ORIENTED_EDGE('',*,*,#1232,.T.);
#577=ORIENTED_EDGE('',*,*,#1233,.T.);
#578=ORIENTED_EDGE('',*,*,#1234,.F.);
#579=ORIENTED_EDGE('',*,*,#1210,.T.);
#580=ORIENTED_EDGE('',*,*,#1213,.T.);
#581=ORIENTED_EDGE('',*,*,#1234,.T.);
#582=ORIENTED_EDGE('',*,*,#1235,.T.);
#583=ORIENTED_EDGE('',*,*,#1236,.T.);
#584=ORIENTED_EDGE('',*,*,#1237,.F.);
#585=ORIENTED_EDGE('',*,*,#1219,.T.);
#586=ORIENTED_EDGE('',*,*,#1211,.T.);
#587=ORIENTED_EDGE('',*,*,#1237,.T.);
#588=ORIENTED_EDGE('',*,*,#1238,.T.);
#589=ORIENTED_EDGE('',*,*,#1239,.T.);
#590=ORIENTED_EDGE('',*,*,#1240,.F.);
#591=ORIENTED_EDGE('',*,*,#1225,.T.);
#592=ORIENTED_EDGE('',*,*,#1220,.T.);
#593=ORIENTED_EDGE('',*,*,#1240,.T.);
#594=ORIENTED_EDGE('',*,*,#1241,.T.);
#595=ORIENTED_EDGE('',*,*,#1242,.T.);
#596=ORIENTED_EDGE('',*,*,#1243,.F.);
#597=ORIENTED_EDGE('',*,*,#1224,.T.);
#598=ORIENTED_EDGE('',*,*,#1226,.T.);
#599=ORIENTED_EDGE('',*,*,#1243,.T.);
#600=ORIENTED_EDGE('',*,*,#1244,.T.);
#601=ORIENTED_EDGE('',*,*,#1245,.T.);
#602=ORIENTED_EDGE('',*,*,#1228,.F.);
#603=ORIENTED_EDGE('',*,*,#1246,.T.);
#604=ORIENTED_EDGE('',*,*,#1247,.T.);
#605=ORIENTED_EDGE('',*,*,#1246,.F.);
#606=ORIENTED_EDGE('',*,*,#1248,.T.);
#607=ORIENTED_EDGE('',*,*,#1247,.F.);
#608=ORIENTED_EDGE('',*,*,#1249,.T.);
#609=ORIENTED_EDGE('',*,*,#1249,.F.);
#610=ORIENTED_EDGE('',*,*,#1248,.F.);
#611=ORIENTED_EDGE('',*,*,#1250,.T.);
#612=ORIENTED_EDGE('',*,*,#1250,.F.);
#613=ORIENTED_EDGE('',*,*,#1251,.F.);
#614=ORIENTED_EDGE('',*,*,#1252,.T.);
#615=ORIENTED_EDGE('',*,*,#1253,.F.);
#616=ORIENTED_EDGE('',*,*,#1254,.T.);
#617=ORIENTED_EDGE('',*,*,#1255,.T.);
#618=ORIENTED_EDGE('',*,*,#1256,.T.);
#619=ORIENTED_EDGE('',*,*,#1257,.F.);
#620=ORIENTED_EDGE('',*,*,#1258,.T.);
#621=ORIENTED_EDGE('',*,*,#1259,.T.);
#622=ORIENTED_EDGE('',*,*,#1260,.T.);
#623=ORIENTED_EDGE('',*,*,#1261,.F.);
#624=ORIENTED_EDGE('',*,*,#1252,.F.);
#625=ORIENTED_EDGE('',*,*,#1262,.F.);
#626=ORIENTED_EDGE('',*,*,#1263,.T.);
#627=ORIENTED_EDGE('',*,*,#1260,.F.);
#628=ORIENTED_EDGE('',*,*,#1264,.F.);
#629=ORIENTED_EDGE('',*,*,#1265,.F.);
#630=ORIENTED_EDGE('',*,*,#1266,.T.);
#631=ORIENTED_EDGE('',*,*,#1267,.T.);
#632=ORIENTED_EDGE('',*,*,#1253,.T.);
#633=ORIENTED_EDGE('',*,*,#1261,.T.);
#634=ORIENTED_EDGE('',*,*,#1263,.F.);
#635=ORIENTED_EDGE('',*,*,#1268,.T.);
#636=ORIENTED_EDGE('',*,*,#1254,.F.);
#637=ORIENTED_EDGE('',*,*,#1267,.F.);
#638=ORIENTED_EDGE('',*,*,#1269,.F.);
#639=ORIENTED_EDGE('',*,*,#1270,.T.);
#640=ORIENTED_EDGE('',*,*,#1255,.F.);
#641=ORIENTED_EDGE('',*,*,#1268,.F.);
#642=ORIENTED_EDGE('',*,*,#1271,.F.);
#643=ORIENTED_EDGE('',*,*,#1272,.T.);
#644=ORIENTED_EDGE('',*,*,#1256,.F.);
#645=ORIENTED_EDGE('',*,*,#1270,.F.);
#646=ORIENTED_EDGE('',*,*,#1273,.F.);
#647=ORIENTED_EDGE('',*,*,#1274,.T.);
#648=ORIENTED_EDGE('',*,*,#1275,.T.);
#649=ORIENTED_EDGE('',*,*,#1257,.T.);
#650=ORIENTED_EDGE('',*,*,#1251,.T.);
#651=ORIENTED_EDGE('',*,*,#1272,.F.);
#652=ORIENTED_EDGE('',*,*,#1276,.F.);
#653=ORIENTED_EDGE('',*,*,#1258,.F.);
#654=ORIENTED_EDGE('',*,*,#1275,.F.);
#655=ORIENTED_EDGE('',*,*,#1277,.F.);
#656=ORIENTED_EDGE('',*,*,#1259,.F.);
#657=ORIENTED_EDGE('',*,*,#1276,.T.);
#658=ORIENTED_EDGE('',*,*,#1278,.T.);
#659=ORIENTED_EDGE('',*,*,#1264,.T.);
#660=ORIENTED_EDGE('',*,*,#1279,.T.);
#661=ORIENTED_EDGE('',*,*,#1280,.F.);
#662=ORIENTED_EDGE('',*,*,#1262,.T.);
#663=ORIENTED_EDGE('',*,*,#1278,.F.);
#664=ORIENTED_EDGE('',*,*,#1277,.T.);
#665=ORIENTED_EDGE('',*,*,#1274,.F.);
#666=ORIENTED_EDGE('',*,*,#1273,.T.);
#667=ORIENTED_EDGE('',*,*,#1271,.T.);
#668=ORIENTED_EDGE('',*,*,#1269,.T.);
#669=ORIENTED_EDGE('',*,*,#1266,.F.);
#670=ORIENTED_EDGE('',*,*,#1265,.T.);
#671=ORIENTED_EDGE('',*,*,#1281,.T.);
#672=ORIENTED_EDGE('',*,*,#1279,.F.);
#673=ORIENTED_EDGE('',*,*,#1282,.T.);
#674=ORIENTED_EDGE('',*,*,#1283,.F.);
#675=ORIENTED_EDGE('',*,*,#1280,.T.);
#676=ORIENTED_EDGE('',*,*,#1281,.F.);
#677=ORIENTED_EDGE('',*,*,#1284,.T.);
#678=ORIENTED_EDGE('',*,*,#1285,.F.);
#679=ORIENTED_EDGE('',*,*,#1282,.F.);
#680=ORIENTED_EDGE('',*,*,#1283,.T.);
#681=ORIENTED_EDGE('',*,*,#1286,.T.);
#682=ORIENTED_EDGE('',*,*,#1287,.T.);
#683=ORIENTED_EDGE('',*,*,#1288,.T.);
#684=ORIENTED_EDGE('',*,*,#1289,.T.);
#685=ORIENTED_EDGE('',*,*,#1290,.T.);
#686=ORIENTED_EDGE('',*,*,#1287,.F.);
#687=ORIENTED_EDGE('',*,*,#1291,.T.);
#688=ORIENTED_EDGE('',*,*,#1292,.T.);
#689=ORIENTED_EDGE('',*,*,#1284,.F.);
#690=ORIENTED_EDGE('',*,*,#1293,.F.);
#691=ORIENTED_EDGE('',*,*,#1294,.T.);
#692=ORIENTED_EDGE('',*,*,#1292,.F.);
#693=ORIENTED_EDGE('',*,*,#1295,.T.);
#694=ORIENTED_EDGE('',*,*,#1296,.T.);
#695=ORIENTED_EDGE('',*,*,#1297,.F.);
#696=ORIENTED_EDGE('',*,*,#1298,.T.);
#697=ORIENTED_EDGE('',*,*,#1293,.T.);
#698=ORIENTED_EDGE('',*,*,#1285,.T.);
#699=ORIENTED_EDGE('',*,*,#1299,.T.);
#700=ORIENTED_EDGE('',*,*,#1300,.T.);
#701=ORIENTED_EDGE('',*,*,#1301,.T.);
#702=ORIENTED_EDGE('',*,*,#1297,.T.);
#703=ORIENTED_EDGE('',*,*,#1302,.F.);
#704=ORIENTED_EDGE('',*,*,#1303,.T.);
#705=ORIENTED_EDGE('',*,*,#1304,.F.);
#706=ORIENTED_EDGE('',*,*,#1288,.F.);
#707=ORIENTED_EDGE('',*,*,#1290,.F.);
#708=ORIENTED_EDGE('',*,*,#1294,.F.);
#709=ORIENTED_EDGE('',*,*,#1298,.F.);
#710=ORIENTED_EDGE('',*,*,#1301,.F.);
#711=ORIENTED_EDGE('',*,*,#1305,.T.);
#712=ORIENTED_EDGE('',*,*,#1289,.F.);
#713=ORIENTED_EDGE('',*,*,#1304,.T.);
#714=ORIENTED_EDGE('',*,*,#1306,.T.);
#715=ORIENTED_EDGE('',*,*,#1296,.F.);
#716=ORIENTED_EDGE('',*,*,#1295,.F.);
#717=ORIENTED_EDGE('',*,*,#1291,.F.);
#718=ORIENTED_EDGE('',*,*,#1286,.F.);
#719=ORIENTED_EDGE('',*,*,#1305,.F.);
#720=ORIENTED_EDGE('',*,*,#1307,.T.);
#721=ORIENTED_EDGE('',*,*,#1308,.F.);
#722=ORIENTED_EDGE('',*,*,#1299,.F.);
#723=ORIENTED_EDGE('',*,*,#1302,.T.);
#724=ORIENTED_EDGE('',*,*,#1300,.F.);
#725=ORIENTED_EDGE('',*,*,#1308,.T.);
#726=ORIENTED_EDGE('',*,*,#1309,.T.);
#727=ORIENTED_EDGE('',*,*,#1310,.T.);
#728=ORIENTED_EDGE('',*,*,#1309,.F.);
#729=ORIENTED_EDGE('',*,*,#1307,.F.);
#730=ORIENTED_EDGE('',*,*,#1306,.F.);
#731=ORIENTED_EDGE('',*,*,#1303,.F.);
#732=ORIENTED_EDGE('',*,*,#1242,.F.);
#733=ORIENTED_EDGE('',*,*,#1311,.F.);
#734=ORIENTED_EDGE('',*,*,#1244,.F.);
#735=ORIENTED_EDGE('',*,*,#1230,.F.);
#736=ORIENTED_EDGE('',*,*,#1312,.F.);
#737=ORIENTED_EDGE('',*,*,#1232,.F.);
#738=ORIENTED_EDGE('',*,*,#1233,.F.);
#739=ORIENTED_EDGE('',*,*,#1313,.F.);
#740=ORIENTED_EDGE('',*,*,#1235,.F.);
#741=ORIENTED_EDGE('',*,*,#1236,.F.);
#742=ORIENTED_EDGE('',*,*,#1314,.F.);
#743=ORIENTED_EDGE('',*,*,#1238,.F.);
#744=ORIENTED_EDGE('',*,*,#1239,.F.);
#745=ORIENTED_EDGE('',*,*,#1315,.F.);
#746=ORIENTED_EDGE('',*,*,#1241,.F.);
#747=ORIENTED_EDGE('',*,*,#1310,.F.);
#748=ORIENTED_EDGE('',*,*,#1315,.T.);
#749=ORIENTED_EDGE('',*,*,#1314,.T.);
#750=ORIENTED_EDGE('',*,*,#1313,.T.);
#751=ORIENTED_EDGE('',*,*,#1312,.T.);
#752=ORIENTED_EDGE('',*,*,#1316,.T.);
#753=ORIENTED_EDGE('',*,*,#1311,.T.);
#754=ORIENTED_EDGE('',*,*,#1229,.F.);
#755=ORIENTED_EDGE('',*,*,#1245,.F.);
#756=ORIENTED_EDGE('',*,*,#1316,.F.);
#757=ORIENTED_EDGE('',*,*,#1317,.T.);
#758=ORIENTED_EDGE('',*,*,#1318,.F.);
#759=ORIENTED_EDGE('',*,*,#1319,.F.);
#760=ORIENTED_EDGE('',*,*,#1318,.T.);
#761=ORIENTED_EDGE('',*,*,#1209,.T.);
#762=ORIENTED_EDGE('',*,*,#1319,.T.);
#763=ORIENTED_EDGE('',*,*,#1320,.T.);
#764=ORIENTED_EDGE('',*,*,#1321,.F.);
#765=ORIENTED_EDGE('',*,*,#1322,.F.);
#766=ORIENTED_EDGE('',*,*,#1323,.T.);
#767=ORIENTED_EDGE('',*,*,#1324,.T.);
#768=ORIENTED_EDGE('',*,*,#1325,.F.);
#769=ORIENTED_EDGE('',*,*,#1326,.F.);
#770=ORIENTED_EDGE('',*,*,#1321,.T.);
#771=ORIENTED_EDGE('',*,*,#1327,.T.);
#772=ORIENTED_EDGE('',*,*,#1328,.F.);
#773=ORIENTED_EDGE('',*,*,#1329,.F.);
#774=ORIENTED_EDGE('',*,*,#1330,.T.);
#775=ORIENTED_EDGE('',*,*,#1331,.T.);
#776=ORIENTED_EDGE('',*,*,#1332,.F.);
#777=ORIENTED_EDGE('',*,*,#1333,.F.);
#778=ORIENTED_EDGE('',*,*,#1328,.T.);
#779=ORIENTED_EDGE('',*,*,#1334,.T.);
#780=ORIENTED_EDGE('',*,*,#1335,.F.);
#781=ORIENTED_EDGE('',*,*,#1336,.F.);
#782=ORIENTED_EDGE('',*,*,#1337,.T.);
#783=ORIENTED_EDGE('',*,*,#1338,.T.);
#784=ORIENTED_EDGE('',*,*,#1339,.F.);
#785=ORIENTED_EDGE('',*,*,#1340,.F.);
#786=ORIENTED_EDGE('',*,*,#1335,.T.);
#787=ORIENTED_EDGE('',*,*,#1341,.T.);
#788=ORIENTED_EDGE('',*,*,#1342,.F.);
#789=ORIENTED_EDGE('',*,*,#1343,.F.);
#790=ORIENTED_EDGE('',*,*,#1344,.T.);
#791=ORIENTED_EDGE('',*,*,#1345,.T.);
#792=ORIENTED_EDGE('',*,*,#1346,.F.);
#793=ORIENTED_EDGE('',*,*,#1347,.F.);
#794=ORIENTED_EDGE('',*,*,#1342,.T.);
#795=ORIENTED_EDGE('',*,*,#1348,.T.);
#796=ORIENTED_EDGE('',*,*,#1349,.F.);
#797=ORIENTED_EDGE('',*,*,#1350,.F.);
#798=ORIENTED_EDGE('',*,*,#1325,.T.);
#799=ORIENTED_EDGE('',*,*,#1351,.T.);
#800=ORIENTED_EDGE('',*,*,#1322,.T.);
#801=ORIENTED_EDGE('',*,*,#1326,.T.);
#802=ORIENTED_EDGE('',*,*,#1350,.T.);
#803=ORIENTED_EDGE('',*,*,#1352,.F.);
#804=ORIENTED_EDGE('',*,*,#1353,.T.);
#805=ORIENTED_EDGE('',*,*,#1323,.F.);
#806=ORIENTED_EDGE('',*,*,#1351,.F.);
#807=ORIENTED_EDGE('',*,*,#1354,.T.);
#808=ORIENTED_EDGE('',*,*,#1355,.T.);
#809=ORIENTED_EDGE('',*,*,#1356,.T.);
#810=ORIENTED_EDGE('',*,*,#1357,.T.);
#811=ORIENTED_EDGE('',*,*,#1358,.T.);
#812=ORIENTED_EDGE('',*,*,#1359,.F.);
#813=ORIENTED_EDGE('',*,*,#1348,.F.);
#814=ORIENTED_EDGE('',*,*,#1324,.F.);
#815=ORIENTED_EDGE('',*,*,#1320,.F.);
#816=ORIENTED_EDGE('',*,*,#1353,.F.);
#817=ORIENTED_EDGE('',*,*,#1360,.F.);
#818=ORIENTED_EDGE('',*,*,#1361,.T.);
#819=ORIENTED_EDGE('',*,*,#1362,.F.);
#820=ORIENTED_EDGE('',*,*,#1363,.F.);
#821=ORIENTED_EDGE('',*,*,#1332,.T.);
#822=ORIENTED_EDGE('',*,*,#1329,.T.);
#823=ORIENTED_EDGE('',*,*,#1333,.T.);
#824=ORIENTED_EDGE('',*,*,#1363,.T.);
#825=ORIENTED_EDGE('',*,*,#1364,.F.);
#826=ORIENTED_EDGE('',*,*,#1365,.T.);
#827=ORIENTED_EDGE('',*,*,#1366,.T.);
#828=ORIENTED_EDGE('',*,*,#1330,.F.);
#829=ORIENTED_EDGE('',*,*,#1365,.F.);
#830=ORIENTED_EDGE('',*,*,#1367,.T.);
#831=ORIENTED_EDGE('',*,*,#1368,.T.);
#832=ORIENTED_EDGE('',*,*,#1369,.T.);
#833=ORIENTED_EDGE('',*,*,#1370,.T.);
#834=ORIENTED_EDGE('',*,*,#1371,.T.);
#835=ORIENTED_EDGE('',*,*,#1372,.F.);
#836=ORIENTED_EDGE('',*,*,#1361,.F.);
#837=ORIENTED_EDGE('',*,*,#1331,.F.);
#838=ORIENTED_EDGE('',*,*,#1327,.F.);
#839=ORIENTED_EDGE('',*,*,#1366,.F.);
#840=ORIENTED_EDGE('',*,*,#1373,.F.);
#841=ORIENTED_EDGE('',*,*,#1374,.T.);
#842=ORIENTED_EDGE('',*,*,#1375,.F.);
#843=ORIENTED_EDGE('',*,*,#1376,.F.);
#844=ORIENTED_EDGE('',*,*,#1339,.T.);
#845=ORIENTED_EDGE('',*,*,#1377,.T.);
#846=ORIENTED_EDGE('',*,*,#1336,.T.);
#847=ORIENTED_EDGE('',*,*,#1340,.T.);
#848=ORIENTED_EDGE('',*,*,#1376,.T.);
#849=ORIENTED_EDGE('',*,*,#1378,.F.);
#850=ORIENTED_EDGE('',*,*,#1379,.T.);
#851=ORIENTED_EDGE('',*,*,#1337,.F.);
#852=ORIENTED_EDGE('',*,*,#1377,.F.);
#853=ORIENTED_EDGE('',*,*,#1380,.T.);
#854=ORIENTED_EDGE('',*,*,#1381,.T.);
#855=ORIENTED_EDGE('',*,*,#1382,.T.);
#856=ORIENTED_EDGE('',*,*,#1383,.T.);
#857=ORIENTED_EDGE('',*,*,#1384,.T.);
#858=ORIENTED_EDGE('',*,*,#1385,.F.);
#859=ORIENTED_EDGE('',*,*,#1374,.F.);
#860=ORIENTED_EDGE('',*,*,#1338,.F.);
#861=ORIENTED_EDGE('',*,*,#1334,.F.);
#862=ORIENTED_EDGE('',*,*,#1379,.F.);
#863=ORIENTED_EDGE('',*,*,#1386,.F.);
#864=ORIENTED_EDGE('',*,*,#1387,.T.);
#865=ORIENTED_EDGE('',*,*,#1388,.F.);
#866=ORIENTED_EDGE('',*,*,#1389,.F.);
#867=ORIENTED_EDGE('',*,*,#1346,.T.);
#868=ORIENTED_EDGE('',*,*,#1347,.T.);
#869=ORIENTED_EDGE('',*,*,#1389,.T.);
#870=ORIENTED_EDGE('',*,*,#1390,.F.);
#871=ORIENTED_EDGE('',*,*,#1391,.T.);
#872=ORIENTED_EDGE('',*,*,#1343,.T.);
#873=ORIENTED_EDGE('',*,*,#1392,.T.);
#874=ORIENTED_EDGE('',*,*,#1344,.F.);
#875=ORIENTED_EDGE('',*,*,#1391,.F.);
#876=ORIENTED_EDGE('',*,*,#1393,.T.);
#877=ORIENTED_EDGE('',*,*,#1394,.T.);
#878=ORIENTED_EDGE('',*,*,#1395,.T.);
#879=ORIENTED_EDGE('',*,*,#1396,.T.);
#880=ORIENTED_EDGE('',*,*,#1397,.T.);
#881=ORIENTED_EDGE('',*,*,#1398,.F.);
#882=ORIENTED_EDGE('',*,*,#1387,.F.);
#883=ORIENTED_EDGE('',*,*,#1345,.F.);
#884=ORIENTED_EDGE('',*,*,#1341,.F.);
#885=ORIENTED_EDGE('',*,*,#1392,.F.);
#886=ORIENTED_EDGE('',*,*,#1399,.F.);
#887=ORIENTED_EDGE('',*,*,#1400,.T.);
#888=ORIENTED_EDGE('',*,*,#1401,.T.);
#889=ORIENTED_EDGE('',*,*,#1402,.T.);
#890=ORIENTED_EDGE('',*,*,#1403,.F.);
#891=ORIENTED_EDGE('',*,*,#1356,.F.);
#892=ORIENTED_EDGE('',*,*,#1404,.T.);
#893=ORIENTED_EDGE('',*,*,#1405,.T.);
#894=ORIENTED_EDGE('',*,*,#1406,.F.);
#895=ORIENTED_EDGE('',*,*,#1357,.F.);
#896=ORIENTED_EDGE('',*,*,#1403,.T.);
#897=ORIENTED_EDGE('',*,*,#1407,.T.);
#898=ORIENTED_EDGE('',*,*,#1408,.F.);
#899=ORIENTED_EDGE('',*,*,#1358,.F.);
#900=ORIENTED_EDGE('',*,*,#1406,.T.);
#901=ORIENTED_EDGE('',*,*,#1409,.F.);
#902=ORIENTED_EDGE('',*,*,#1410,.F.);
#903=ORIENTED_EDGE('',*,*,#1360,.T.);
#904=ORIENTED_EDGE('',*,*,#1354,.F.);
#905=ORIENTED_EDGE('',*,*,#1352,.T.);
#906=ORIENTED_EDGE('',*,*,#1349,.T.);
#907=ORIENTED_EDGE('',*,*,#1359,.T.);
#908=ORIENTED_EDGE('',*,*,#1408,.T.);
#909=ORIENTED_EDGE('',*,*,#1411,.T.);
#910=ORIENTED_EDGE('',*,*,#1404,.F.);
#911=ORIENTED_EDGE('',*,*,#1355,.F.);
#912=ORIENTED_EDGE('',*,*,#1410,.T.);
#913=ORIENTED_EDGE('',*,*,#1412,.T.);
#914=ORIENTED_EDGE('',*,*,#1413,.F.);
#915=ORIENTED_EDGE('',*,*,#1370,.F.);
#916=ORIENTED_EDGE('',*,*,#1414,.T.);
#917=ORIENTED_EDGE('',*,*,#1415,.T.);
#918=ORIENTED_EDGE('',*,*,#1416,.F.);
#919=ORIENTED_EDGE('',*,*,#1371,.F.);
#920=ORIENTED_EDGE('',*,*,#1413,.T.);
#921=ORIENTED_EDGE('',*,*,#1417,.F.);
#922=ORIENTED_EDGE('',*,*,#1418,.F.);
#923=ORIENTED_EDGE('',*,*,#1373,.T.);
#924=ORIENTED_EDGE('',*,*,#1367,.F.);
#925=ORIENTED_EDGE('',*,*,#1364,.T.);
#926=ORIENTED_EDGE('',*,*,#1362,.T.);
#927=ORIENTED_EDGE('',*,*,#1372,.T.);
#928=ORIENTED_EDGE('',*,*,#1416,.T.);
#929=ORIENTED_EDGE('',*,*,#1419,.T.);
#930=ORIENTED_EDGE('',*,*,#1420,.F.);
#931=ORIENTED_EDGE('',*,*,#1368,.F.);
#932=ORIENTED_EDGE('',*,*,#1418,.T.);
#933=ORIENTED_EDGE('',*,*,#1421,.T.);
#934=ORIENTED_EDGE('',*,*,#1414,.F.);
#935=ORIENTED_EDGE('',*,*,#1369,.F.);
#936=ORIENTED_EDGE('',*,*,#1420,.T.);
#937=ORIENTED_EDGE('',*,*,#1422,.T.);
#938=ORIENTED_EDGE('',*,*,#1423,.F.);
#939=ORIENTED_EDGE('',*,*,#1382,.F.);
#940=ORIENTED_EDGE('',*,*,#1424,.T.);
#941=ORIENTED_EDGE('',*,*,#1425,.T.);
#942=ORIENTED_EDGE('',*,*,#1426,.F.);
#943=ORIENTED_EDGE('',*,*,#1383,.F.);
#944=ORIENTED_EDGE('',*,*,#1423,.T.);
#945=ORIENTED_EDGE('',*,*,#1427,.T.);
#946=ORIENTED_EDGE('',*,*,#1428,.F.);
#947=ORIENTED_EDGE('',*,*,#1384,.F.);
#948=ORIENTED_EDGE('',*,*,#1426,.T.);
#949=ORIENTED_EDGE('',*,*,#1429,.F.);
#950=ORIENTED_EDGE('',*,*,#1430,.F.);
#951=ORIENTED_EDGE('',*,*,#1386,.T.);
#952=ORIENTED_EDGE('',*,*,#1380,.F.);
#953=ORIENTED_EDGE('',*,*,#1378,.T.);
#954=ORIENTED_EDGE('',*,*,#1375,.T.);
#955=ORIENTED_EDGE('',*,*,#1385,.T.);
#956=ORIENTED_EDGE('',*,*,#1428,.T.);
#957=ORIENTED_EDGE('',*,*,#1431,.T.);
#958=ORIENTED_EDGE('',*,*,#1424,.F.);
#959=ORIENTED_EDGE('',*,*,#1381,.F.);
#960=ORIENTED_EDGE('',*,*,#1430,.T.);
#961=ORIENTED_EDGE('',*,*,#1432,.T.);
#962=ORIENTED_EDGE('',*,*,#1433,.F.);
#963=ORIENTED_EDGE('',*,*,#1397,.F.);
#964=ORIENTED_EDGE('',*,*,#1434,.T.);
#965=ORIENTED_EDGE('',*,*,#1435,.F.);
#966=ORIENTED_EDGE('',*,*,#1436,.F.);
#967=ORIENTED_EDGE('',*,*,#1399,.T.);
#968=ORIENTED_EDGE('',*,*,#1393,.F.);
#969=ORIENTED_EDGE('',*,*,#1390,.T.);
#970=ORIENTED_EDGE('',*,*,#1388,.T.);
#971=ORIENTED_EDGE('',*,*,#1398,.T.);
#972=ORIENTED_EDGE('',*,*,#1433,.T.);
#973=ORIENTED_EDGE('',*,*,#1437,.T.);
#974=ORIENTED_EDGE('',*,*,#1438,.F.);
#975=ORIENTED_EDGE('',*,*,#1394,.F.);
#976=ORIENTED_EDGE('',*,*,#1436,.T.);
#977=ORIENTED_EDGE('',*,*,#1439,.T.);
#978=ORIENTED_EDGE('',*,*,#1440,.F.);
#979=ORIENTED_EDGE('',*,*,#1395,.F.);
#980=ORIENTED_EDGE('',*,*,#1438,.T.);
#981=ORIENTED_EDGE('',*,*,#1441,.T.);
#982=ORIENTED_EDGE('',*,*,#1434,.F.);
#983=ORIENTED_EDGE('',*,*,#1396,.F.);
#984=ORIENTED_EDGE('',*,*,#1440,.T.);
#985=ORIENTED_EDGE('',*,*,#1400,.F.);
#986=ORIENTED_EDGE('',*,*,#1442,.T.);
#987=ORIENTED_EDGE('',*,*,#1401,.F.);
#988=ORIENTED_EDGE('',*,*,#1443,.T.);
#989=ORIENTED_EDGE('',*,*,#1444,.F.);
#990=ORIENTED_EDGE('',*,*,#1445,.T.);
#991=ORIENTED_EDGE('',*,*,#1446,.T.);
#992=ORIENTED_EDGE('',*,*,#1447,.T.);
#993=ORIENTED_EDGE('',*,*,#1443,.F.);
#994=ORIENTED_EDGE('',*,*,#1442,.F.);
#995=ORIENTED_EDGE('',*,*,#1441,.F.);
#996=ORIENTED_EDGE('',*,*,#1439,.F.);
#997=ORIENTED_EDGE('',*,*,#1437,.F.);
#998=ORIENTED_EDGE('',*,*,#1435,.T.);
#999=ORIENTED_EDGE('',*,*,#1432,.F.);
#1000=ORIENTED_EDGE('',*,*,#1431,.F.);
#1001=ORIENTED_EDGE('',*,*,#1429,.T.);
#1002=ORIENTED_EDGE('',*,*,#1427,.F.);
#1003=ORIENTED_EDGE('',*,*,#1425,.F.);
#1004=ORIENTED_EDGE('',*,*,#1422,.F.);
#1005=ORIENTED_EDGE('',*,*,#1421,.F.);
#1006=ORIENTED_EDGE('',*,*,#1419,.F.);
#1007=ORIENTED_EDGE('',*,*,#1417,.T.);
#1008=ORIENTED_EDGE('',*,*,#1415,.F.);
#1009=ORIENTED_EDGE('',*,*,#1412,.F.);
#1010=ORIENTED_EDGE('',*,*,#1411,.F.);
#1011=ORIENTED_EDGE('',*,*,#1409,.T.);
#1012=ORIENTED_EDGE('',*,*,#1407,.F.);
#1013=ORIENTED_EDGE('',*,*,#1405,.F.);
#1014=ORIENTED_EDGE('',*,*,#1402,.F.);
#1015=ORIENTED_EDGE('',*,*,#1448,.T.);
#1016=ORIENTED_EDGE('',*,*,#1445,.F.);
#1017=ORIENTED_EDGE('',*,*,#1449,.F.);
#1018=ORIENTED_EDGE('',*,*,#1450,.F.);
#1019=ORIENTED_EDGE('',*,*,#1451,.T.);
#1020=ORIENTED_EDGE('',*,*,#1450,.T.);
#1021=ORIENTED_EDGE('',*,*,#1452,.F.);
#1022=ORIENTED_EDGE('',*,*,#1453,.F.);
#1023=ORIENTED_EDGE('',*,*,#1454,.F.);
#1024=ORIENTED_EDGE('',*,*,#1455,.F.);
#1025=ORIENTED_EDGE('',*,*,#1456,.T.);
#1026=ORIENTED_EDGE('',*,*,#1453,.T.);
#1027=ORIENTED_EDGE('',*,*,#1448,.F.);
#1028=ORIENTED_EDGE('',*,*,#1451,.F.);
#1029=ORIENTED_EDGE('',*,*,#1456,.F.);
#1030=ORIENTED_EDGE('',*,*,#1457,.F.);
#1031=ORIENTED_EDGE('',*,*,#1458,.F.);
#1032=ORIENTED_EDGE('',*,*,#1459,.F.);
#1033=ORIENTED_EDGE('',*,*,#1446,.F.);
#1034=ORIENTED_EDGE('',*,*,#1460,.F.);
#1035=ORIENTED_EDGE('',*,*,#1447,.F.);
#1036=ORIENTED_EDGE('',*,*,#1459,.T.);
#1037=ORIENTED_EDGE('',*,*,#1461,.T.);
#1038=ORIENTED_EDGE('',*,*,#1452,.T.);
#1039=ORIENTED_EDGE('',*,*,#1449,.T.);
#1040=ORIENTED_EDGE('',*,*,#1444,.T.);
#1041=ORIENTED_EDGE('',*,*,#1460,.T.);
#1042=ORIENTED_EDGE('',*,*,#1462,.T.);
#1043=ORIENTED_EDGE('',*,*,#1463,.T.);
#1044=ORIENTED_EDGE('',*,*,#1454,.T.);
#1045=ORIENTED_EDGE('',*,*,#1464,.F.);
#1046=ORIENTED_EDGE('',*,*,#1457,.T.);
#1047=ORIENTED_EDGE('',*,*,#1455,.T.);
#1048=ORIENTED_EDGE('',*,*,#1463,.F.);
#1049=ORIENTED_EDGE('',*,*,#1465,.F.);
#1050=ORIENTED_EDGE('',*,*,#1462,.F.);
#1051=ORIENTED_EDGE('',*,*,#1461,.F.);
#1052=ORIENTED_EDGE('',*,*,#1458,.T.);
#1053=ORIENTED_EDGE('',*,*,#1466,.F.);
#1054=ORIENTED_EDGE('',*,*,#1465,.T.);
#1055=ORIENTED_EDGE('',*,*,#1464,.T.);
#1056=ORIENTED_EDGE('',*,*,#1467,.F.);
#1057=ORIENTED_EDGE('',*,*,#1468,.F.);
#1058=ORIENTED_EDGE('',*,*,#1469,.F.);
#1059=ORIENTED_EDGE('',*,*,#1470,.T.);
#1060=ORIENTED_EDGE('',*,*,#1471,.F.);
#1061=ORIENTED_EDGE('',*,*,#1470,.F.);
#1062=ORIENTED_EDGE('',*,*,#1472,.F.);
#1063=ORIENTED_EDGE('',*,*,#1473,.T.);
#1064=ORIENTED_EDGE('',*,*,#1474,.F.);
#1065=ORIENTED_EDGE('',*,*,#1475,.F.);
#1066=ORIENTED_EDGE('',*,*,#1476,.F.);
#1067=ORIENTED_EDGE('',*,*,#1477,.T.);
#1068=ORIENTED_EDGE('',*,*,#1478,.F.);
#1069=ORIENTED_EDGE('',*,*,#1477,.F.);
#1070=ORIENTED_EDGE('',*,*,#1479,.F.);
#1071=ORIENTED_EDGE('',*,*,#1480,.T.);
#1072=ORIENTED_EDGE('',*,*,#1481,.F.);
#1073=ORIENTED_EDGE('',*,*,#1482,.F.);
#1074=ORIENTED_EDGE('',*,*,#1483,.F.);
#1075=ORIENTED_EDGE('',*,*,#1484,.T.);
#1076=ORIENTED_EDGE('',*,*,#1485,.F.);
#1077=ORIENTED_EDGE('',*,*,#1484,.F.);
#1078=ORIENTED_EDGE('',*,*,#1486,.F.);
#1079=ORIENTED_EDGE('',*,*,#1487,.T.);
#1080=ORIENTED_EDGE('',*,*,#1488,.F.);
#1081=ORIENTED_EDGE('',*,*,#1489,.F.);
#1082=ORIENTED_EDGE('',*,*,#1490,.F.);
#1083=ORIENTED_EDGE('',*,*,#1491,.T.);
#1084=ORIENTED_EDGE('',*,*,#1492,.F.);
#1085=ORIENTED_EDGE('',*,*,#1491,.F.);
#1086=ORIENTED_EDGE('',*,*,#1493,.F.);
#1087=ORIENTED_EDGE('',*,*,#1494,.T.);
#1088=ORIENTED_EDGE('',*,*,#1466,.T.);
#1089=ORIENTED_EDGE('',*,*,#1495,.F.);
#1090=ORIENTED_EDGE('',*,*,#1496,.F.);
#1091=ORIENTED_EDGE('',*,*,#1497,.F.);
#1092=ORIENTED_EDGE('',*,*,#1473,.F.);
#1093=ORIENTED_EDGE('',*,*,#1498,.F.);
#1094=ORIENTED_EDGE('',*,*,#1480,.F.);
#1095=ORIENTED_EDGE('',*,*,#1499,.F.);
#1096=ORIENTED_EDGE('',*,*,#1487,.F.);
#1097=ORIENTED_EDGE('',*,*,#1500,.F.);
#1098=ORIENTED_EDGE('',*,*,#1494,.F.);
#1099=ORIENTED_EDGE('',*,*,#1501,.F.);
#1100=ORIENTED_EDGE('',*,*,#1502,.F.);
#1101=ORIENTED_EDGE('',*,*,#1503,.F.);
#1102=ORIENTED_EDGE('',*,*,#1504,.F.);
#1103=ORIENTED_EDGE('',*,*,#1505,.F.);
#1104=ORIENTED_EDGE('',*,*,#1496,.T.);
#1105=ORIENTED_EDGE('',*,*,#1506,.F.);
#1106=ORIENTED_EDGE('',*,*,#1507,.F.);
#1107=ORIENTED_EDGE('',*,*,#1508,.F.);
#1108=ORIENTED_EDGE('',*,*,#1504,.T.);
#1109=ORIENTED_EDGE('',*,*,#1509,.F.);
#1110=ORIENTED_EDGE('',*,*,#1510,.T.);
#1111=ORIENTED_EDGE('',*,*,#1511,.F.);
#1112=ORIENTED_EDGE('',*,*,#1512,.F.);
#1113=ORIENTED_EDGE('',*,*,#1513,.F.);
#1114=ORIENTED_EDGE('',*,*,#1502,.T.);
#1115=ORIENTED_EDGE('',*,*,#1514,.F.);
#1116=ORIENTED_EDGE('',*,*,#1510,.F.);
#1117=ORIENTED_EDGE('',*,*,#1515,.F.);
#1118=ORIENTED_EDGE('',*,*,#1516,.F.);
#1119=ORIENTED_EDGE('',*,*,#1517,.F.);
#1120=ORIENTED_EDGE('',*,*,#1507,.T.);
#1121=ORIENTED_EDGE('',*,*,#1505,.T.);
#1122=ORIENTED_EDGE('',*,*,#1508,.T.);
#1123=ORIENTED_EDGE('',*,*,#1517,.T.);
#1124=ORIENTED_EDGE('',*,*,#1518,.T.);
#1125=ORIENTED_EDGE('',*,*,#1519,.T.);
#1126=ORIENTED_EDGE('',*,*,#1467,.T.);
#1127=ORIENTED_EDGE('',*,*,#1471,.T.);
#1128=ORIENTED_EDGE('',*,*,#1497,.T.);
#1129=ORIENTED_EDGE('',*,*,#1519,.F.);
#1130=ORIENTED_EDGE('',*,*,#1520,.F.);
#1131=ORIENTED_EDGE('',*,*,#1521,.F.);
#1132=ORIENTED_EDGE('',*,*,#1468,.T.);
#1133=ORIENTED_EDGE('',*,*,#1472,.T.);
#1134=ORIENTED_EDGE('',*,*,#1469,.T.);
#1135=ORIENTED_EDGE('',*,*,#1521,.T.);
#1136=ORIENTED_EDGE('',*,*,#1522,.T.);
#1137=ORIENTED_EDGE('',*,*,#1523,.T.);
#1138=ORIENTED_EDGE('',*,*,#1474,.T.);
#1139=ORIENTED_EDGE('',*,*,#1478,.T.);
#1140=ORIENTED_EDGE('',*,*,#1498,.T.);
#1141=ORIENTED_EDGE('',*,*,#1523,.F.);
#1142=ORIENTED_EDGE('',*,*,#1524,.F.);
#1143=ORIENTED_EDGE('',*,*,#1525,.F.);
#1144=ORIENTED_EDGE('',*,*,#1475,.T.);
#1145=ORIENTED_EDGE('',*,*,#1479,.T.);
#1146=ORIENTED_EDGE('',*,*,#1476,.T.);
#1147=ORIENTED_EDGE('',*,*,#1525,.T.);
#1148=ORIENTED_EDGE('',*,*,#1526,.T.);
#1149=ORIENTED_EDGE('',*,*,#1527,.T.);
#1150=ORIENTED_EDGE('',*,*,#1481,.T.);
#1151=ORIENTED_EDGE('',*,*,#1485,.T.);
#1152=ORIENTED_EDGE('',*,*,#1499,.T.);
#1153=ORIENTED_EDGE('',*,*,#1527,.F.);
#1154=ORIENTED_EDGE('',*,*,#1528,.F.);
#1155=ORIENTED_EDGE('',*,*,#1529,.F.);
#1156=ORIENTED_EDGE('',*,*,#1482,.T.);
#1157=ORIENTED_EDGE('',*,*,#1486,.T.);
#1158=ORIENTED_EDGE('',*,*,#1483,.T.);
#1159=ORIENTED_EDGE('',*,*,#1529,.T.);
#1160=ORIENTED_EDGE('',*,*,#1530,.T.);
#1161=ORIENTED_EDGE('',*,*,#1531,.T.);
#1162=ORIENTED_EDGE('',*,*,#1488,.T.);
#1163=ORIENTED_EDGE('',*,*,#1492,.T.);
#1164=ORIENTED_EDGE('',*,*,#1500,.T.);
#1165=ORIENTED_EDGE('',*,*,#1531,.F.);
#1166=ORIENTED_EDGE('',*,*,#1532,.F.);
#1167=ORIENTED_EDGE('',*,*,#1533,.F.);
#1168=ORIENTED_EDGE('',*,*,#1489,.T.);
#1169=ORIENTED_EDGE('',*,*,#1493,.T.);
#1170=ORIENTED_EDGE('',*,*,#1490,.T.);
#1171=ORIENTED_EDGE('',*,*,#1533,.T.);
#1172=ORIENTED_EDGE('',*,*,#1534,.T.);
#1173=ORIENTED_EDGE('',*,*,#1535,.T.);
#1174=ORIENTED_EDGE('',*,*,#1511,.T.);
#1175=ORIENTED_EDGE('',*,*,#1514,.T.);
#1176=ORIENTED_EDGE('',*,*,#1501,.T.);
#1177=ORIENTED_EDGE('',*,*,#1536,.F.);
#1178=ORIENTED_EDGE('',*,*,#1512,.T.);
#1179=ORIENTED_EDGE('',*,*,#1535,.F.);
#1180=ORIENTED_EDGE('',*,*,#1537,.F.);
#1181=ORIENTED_EDGE('',*,*,#1513,.T.);
#1182=ORIENTED_EDGE('',*,*,#1509,.T.);
#1183=ORIENTED_EDGE('',*,*,#1536,.T.);
#1184=ORIENTED_EDGE('',*,*,#1538,.T.);
#1185=ORIENTED_EDGE('',*,*,#1515,.T.);
#1186=ORIENTED_EDGE('',*,*,#1506,.T.);
#1187=ORIENTED_EDGE('',*,*,#1503,.T.);
#1188=ORIENTED_EDGE('',*,*,#1495,.T.);
#1189=ORIENTED_EDGE('',*,*,#1539,.F.);
#1190=ORIENTED_EDGE('',*,*,#1538,.F.);
#1191=ORIENTED_EDGE('',*,*,#1537,.T.);
#1192=ORIENTED_EDGE('',*,*,#1534,.F.);
#1193=ORIENTED_EDGE('',*,*,#1532,.T.);
#1194=ORIENTED_EDGE('',*,*,#1530,.F.);
#1195=ORIENTED_EDGE('',*,*,#1528,.T.);
#1196=ORIENTED_EDGE('',*,*,#1526,.F.);
#1197=ORIENTED_EDGE('',*,*,#1524,.T.);
#1198=ORIENTED_EDGE('',*,*,#1522,.F.);
#1199=ORIENTED_EDGE('',*,*,#1520,.T.);
#1200=ORIENTED_EDGE('',*,*,#1518,.F.);
#1201=ORIENTED_EDGE('',*,*,#1516,.T.);
#1202=ORIENTED_EDGE('',*,*,#1540,.F.);
#1203=ORIENTED_EDGE('',*,*,#1539,.T.);
#1204=ORIENTED_EDGE('',*,*,#1541,.F.);
#1205=ORIENTED_EDGE('',*,*,#1540,.T.);
#1206=ORIENTED_EDGE('',*,*,#1541,.T.);
#1207=ORIENTED_EDGE('',*,*,#1317,.F.);
#1208=EDGE_CURVE('',#1542,#1542,#1769,.T.);
#1209=EDGE_CURVE('',#1543,#1543,#1770,.T.);
#1210=EDGE_CURVE('',#1544,#1545,#441,.T.);
#1211=EDGE_CURVE('',#1546,#1544,#442,.T.);
#1212=EDGE_CURVE('',#1546,#1545,#1771,.T.);
#1213=EDGE_CURVE('',#1545,#1547,#443,.T.);
#1214=EDGE_CURVE('',#1545,#1548,#1772,.T.);
#1215=EDGE_CURVE('',#1547,#1548,#444,.T.);
#1216=EDGE_CURVE('',#1548,#1549,#445,.T.);
#1217=EDGE_CURVE('',#1548,#1550,#1773,.T.);
#1218=EDGE_CURVE('',#1549,#1550,#446,.T.);
#1219=EDGE_CURVE('',#1551,#1546,#447,.T.);
#1220=EDGE_CURVE('',#1552,#1551,#448,.T.);
#1221=EDGE_CURVE('',#1552,#1546,#1774,.T.);
#1222=EDGE_CURVE('',#1550,#1553,#449,.T.);
#1223=EDGE_CURVE('',#1550,#1554,#1775,.T.);
#1224=EDGE_CURVE('',#1553,#1554,#450,.T.);
#1225=EDGE_CURVE('',#1555,#1552,#451,.T.);
#1226=EDGE_CURVE('',#1554,#1555,#452,.T.);
#1227=EDGE_CURVE('',#1554,#1552,#1776,.T.);
#1228=EDGE_CURVE('',#1553,#1556,#28,.T.);
#1229=EDGE_CURVE('',#1556,#1557,#453,.T.);
#1230=EDGE_CURVE('',#1557,#1558,#454,.T.);
#1231=EDGE_CURVE('',#1549,#1558,#29,.T.);
#1232=EDGE_CURVE('',#1558,#1559,#455,.T.);
#1233=EDGE_CURVE('',#1559,#1560,#456,.T.);
#1234=EDGE_CURVE('',#1547,#1560,#30,.T.);
#1235=EDGE_CURVE('',#1560,#1561,#457,.T.);
#1236=EDGE_CURVE('',#1561,#1562,#458,.T.);
#1237=EDGE_CURVE('',#1544,#1562,#31,.T.);
#1238=EDGE_CURVE('',#1562,#1563,#459,.T.);
#1239=EDGE_CURVE('',#1563,#1564,#460,.T.);
#1240=EDGE_CURVE('',#1551,#1564,#32,.T.);
#1241=EDGE_CURVE('',#1564,#1565,#461,.T.);
#1242=EDGE_CURVE('',#1565,#1566,#462,.T.);
#1243=EDGE_CURVE('',#1555,#1566,#33,.T.);
#1244=EDGE_CURVE('',#1566,#1567,#463,.T.);
#1245=EDGE_CURVE('',#1567,#1556,#464,.T.);
#1246=EDGE_CURVE('',#1568,#1568,#1777,.T.);
#1247=EDGE_CURVE('',#1569,#1569,#1778,.T.);
#1248=EDGE_CURVE('',#1570,#1570,#1779,.F.);
#1249=EDGE_CURVE('',#1571,#1571,#1780,.F.);
#1250=EDGE_CURVE('',#1572,#1572,#1781,.T.);
#1251=EDGE_CURVE('',#1573,#1574,#465,.T.);
#1252=EDGE_CURVE('',#1573,#1575,#1782,.T.);
#1253=EDGE_CURVE('',#1576,#1575,#466,.T.);
#1254=EDGE_CURVE('',#1576,#1577,#34,.F.);
#1255=EDGE_CURVE('',#1577,#1578,#467,.T.);
#1256=EDGE_CURVE('',#1578,#1574,#35,.T.);
#1257=EDGE_CURVE('',#1579,#1573,#468,.T.);
#1258=EDGE_CURVE('',#1579,#1580,#22,.F.);
#1259=EDGE_CURVE('',#1580,#1581,#1783,.T.);
#1260=EDGE_CURVE('',#1581,#1582,#23,.F.);
#1261=EDGE_CURVE('',#1575,#1582,#469,.T.);
#1262=EDGE_CURVE('',#1583,#1583,#1784,.T.);
#1263=EDGE_CURVE('',#1584,#1582,#36,.T.);
#1264=EDGE_CURVE('',#1585,#1581,#37,.T.);
#1265=EDGE_CURVE('',#1584,#1585,#24,.T.);
#1266=EDGE_CURVE('',#1584,#1586,#470,.T.);
#1267=EDGE_CURVE('',#1586,#1576,#38,.T.);
#1268=EDGE_CURVE('',#1587,#1577,#39,.T.);
#1269=EDGE_CURVE('',#1587,#1586,#40,.T.);
#1270=EDGE_CURVE('',#1588,#1578,#41,.T.);
#1271=EDGE_CURVE('',#1588,#1587,#471,.T.);
#1272=EDGE_CURVE('',#1589,#1574,#42,.T.);
#1273=EDGE_CURVE('',#1589,#1588,#43,.F.);
#1274=EDGE_CURVE('',#1589,#1590,#472,.T.);
#1275=EDGE_CURVE('',#1590,#1579,#44,.T.);
#1276=EDGE_CURVE('',#1580,#1591,#45,.T.);
#1277=EDGE_CURVE('',#1591,#1590,#25,.T.);
#1278=EDGE_CURVE('',#1591,#1585,#1785,.T.);
#1279=EDGE_CURVE('',#1592,#1592,#1786,.T.);
#1280=EDGE_CURVE('',#1593,#1593,#1787,.T.);
#1281=EDGE_CURVE('',#1594,#1594,#1788,.T.);
#1282=EDGE_CURVE('',#1595,#1595,#1789,.T.);
#1283=EDGE_CURVE('',#1596,#1596,#1790,.F.);
#1284=EDGE_CURVE('',#1597,#1597,#1791,.T.);
#1285=EDGE_CURVE('',#1598,#1598,#1792,.F.);
#1286=EDGE_CURVE('',#1599,#1600,#473,.T.);
#1287=EDGE_CURVE('',#1600,#1601,#1793,.T.);
#1288=EDGE_CURVE('',#1601,#1602,#474,.T.);
#1289=EDGE_CURVE('',#1602,#1599,#1794,.T.);
#1290=EDGE_CURVE('',#1603,#1601,#475,.T.);
#1291=EDGE_CURVE('',#1600,#1604,#476,.T.);
#1292=EDGE_CURVE('',#1604,#1603,#477,.T.);
#1293=EDGE_CURVE('',#1605,#1606,#478,.T.);
#1294=EDGE_CURVE('',#1605,#1603,#1795,.T.);
#1295=EDGE_CURVE('',#1604,#1606,#1796,.T.);
#1296=EDGE_CURVE('',#1606,#1607,#479,.T.);
#1297=EDGE_CURVE('',#1608,#1607,#1797,.T.);
#1298=EDGE_CURVE('',#1608,#1605,#480,.T.);
#1299=EDGE_CURVE('',#1607,#1609,#481,.T.);
#1300=EDGE_CURVE('',#1609,#1610,#1798,.T.);
#1301=EDGE_CURVE('',#1610,#1608,#482,.T.);
#1302=EDGE_CURVE('',#1611,#1610,#483,.T.);
#1303=EDGE_CURVE('',#1611,#1612,#1799,.T.);
#1304=EDGE_CURVE('',#1602,#1612,#484,.T.);
#1305=EDGE_CURVE('',#1613,#1599,#485,.T.);
#1306=EDGE_CURVE('',#1612,#1613,#486,.T.);
#1307=EDGE_CURVE('',#1613,#1614,#1800,.T.);
#1308=EDGE_CURVE('',#1609,#1614,#487,.T.);
#1309=EDGE_CURVE('',#1614,#1611,#488,.T.);
#1310=EDGE_CURVE('',#1615,#1615,#1801,.T.);
#1311=EDGE_CURVE('',#1567,#1565,#1802,.T.);
#1312=EDGE_CURVE('',#1559,#1557,#1803,.T.);
#1313=EDGE_CURVE('',#1561,#1559,#1804,.T.);
#1314=EDGE_CURVE('',#1563,#1561,#1805,.T.);
#1315=EDGE_CURVE('',#1565,#1563,#1806,.T.);
#1316=EDGE_CURVE('',#1557,#1567,#1807,.T.);
#1317=EDGE_CURVE('',#1616,#1616,#1808,.T.);
#1318=EDGE_CURVE('',#1617,#1617,#1809,.T.);
#1319=EDGE_CURVE('',#1618,#1618,#1810,.T.);
#1320=EDGE_CURVE('',#1619,#1620,#46,.T.);
#1321=EDGE_CURVE('',#1621,#1620,#47,.T.);
#1322=EDGE_CURVE('',#1622,#1621,#48,.T.);
#1323=EDGE_CURVE('',#1622,#1619,#49,.T.);
#1324=EDGE_CURVE('',#1620,#1623,#50,.T.);
#1325=EDGE_CURVE('',#1624,#1623,#51,.T.);
#1326=EDGE_CURVE('',#1621,#1624,#52,.T.);
#1327=EDGE_CURVE('',#1625,#1626,#53,.T.);
#1328=EDGE_CURVE('',#1627,#1626,#54,.T.);
#1329=EDGE_CURVE('',#1628,#1627,#55,.T.);
#1330=EDGE_CURVE('',#1628,#1625,#56,.T.);
#1331=EDGE_CURVE('',#1626,#1629,#57,.T.);
#1332=EDGE_CURVE('',#1630,#1629,#58,.T.);
#1333=EDGE_CURVE('',#1627,#1630,#59,.T.);
#1334=EDGE_CURVE('',#1631,#1632,#60,.T.);
#1335=EDGE_CURVE('',#1633,#1632,#61,.T.);
#1336=EDGE_CURVE('',#1634,#1633,#62,.T.);
#1337=EDGE_CURVE('',#1634,#1631,#63,.T.);
#1338=EDGE_CURVE('',#1632,#1635,#64,.T.);
#1339=EDGE_CURVE('',#1636,#1635,#65,.T.);
#1340=EDGE_CURVE('',#1633,#1636,#66,.T.);
#1341=EDGE_CURVE('',#1637,#1638,#67,.T.);
#1342=EDGE_CURVE('',#1639,#1638,#68,.T.);
#1343=EDGE_CURVE('',#1640,#1639,#69,.T.);
#1344=EDGE_CURVE('',#1640,#1637,#70,.T.);
#1345=EDGE_CURVE('',#1638,#1641,#71,.T.);
#1346=EDGE_CURVE('',#1642,#1641,#72,.T.);
#1347=EDGE_CURVE('',#1639,#1642,#73,.T.);
#1348=EDGE_CURVE('',#1623,#1643,#74,.T.);
#1349=EDGE_CURVE('',#1644,#1643,#75,.T.);
#1350=EDGE_CURVE('',#1624,#1644,#76,.T.);
#1351=EDGE_CURVE('',#1645,#1622,#77,.T.);
#1352=EDGE_CURVE('',#1645,#1644,#1811,.T.);
#1353=EDGE_CURVE('',#1646,#1619,#78,.T.);
#1354=EDGE_CURVE('',#1645,#1646,#79,.T.);
#1355=EDGE_CURVE('',#1647,#1648,#80,.T.);
#1356=EDGE_CURVE('',#1648,#1649,#81,.T.);
#1357=EDGE_CURVE('',#1649,#1650,#82,.T.);
#1358=EDGE_CURVE('',#1650,#1651,#83,.T.);
#1359=EDGE_CURVE('',#1643,#1651,#1812,.T.);
#1360=EDGE_CURVE('',#1647,#1646,#1813,.T.);
#1361=EDGE_CURVE('',#1629,#1652,#84,.T.);
#1362=EDGE_CURVE('',#1653,#1652,#85,.T.);
#1363=EDGE_CURVE('',#1630,#1653,#86,.T.);
#1364=EDGE_CURVE('',#1654,#1653,#1814,.T.);
#1365=EDGE_CURVE('',#1654,#1628,#87,.T.);
#1366=EDGE_CURVE('',#1655,#1625,#88,.T.);
#1367=EDGE_CURVE('',#1654,#1655,#89,.T.);
#1368=EDGE_CURVE('',#1656,#1657,#90,.T.);
#1369=EDGE_CURVE('',#1657,#1658,#91,.T.);
#1370=EDGE_CURVE('',#1658,#1659,#92,.T.);
#1371=EDGE_CURVE('',#1659,#1660,#93,.T.);
#1372=EDGE_CURVE('',#1652,#1660,#1815,.T.);
#1373=EDGE_CURVE('',#1656,#1655,#1816,.T.);
#1374=EDGE_CURVE('',#1635,#1661,#94,.T.);
#1375=EDGE_CURVE('',#1662,#1661,#95,.T.);
#1376=EDGE_CURVE('',#1636,#1662,#96,.T.);
#1377=EDGE_CURVE('',#1663,#1634,#97,.T.);
#1378=EDGE_CURVE('',#1663,#1662,#1817,.T.);
#1379=EDGE_CURVE('',#1664,#1631,#98,.T.);
#1380=EDGE_CURVE('',#1663,#1664,#99,.T.);
#1381=EDGE_CURVE('',#1665,#1666,#100,.T.);
#1382=EDGE_CURVE('',#1666,#1667,#101,.T.);
#1383=EDGE_CURVE('',#1667,#1668,#102,.T.);
#1384=EDGE_CURVE('',#1668,#1669,#103,.T.);
#1385=EDGE_CURVE('',#1661,#1669,#1818,.T.);
#1386=EDGE_CURVE('',#1665,#1664,#1819,.T.);
#1387=EDGE_CURVE('',#1641,#1670,#104,.T.);
#1388=EDGE_CURVE('',#1671,#1670,#105,.T.);
#1389=EDGE_CURVE('',#1642,#1671,#106,.T.);
#1390=EDGE_CURVE('',#1672,#1671,#1820,.T.);
#1391=EDGE_CURVE('',#1672,#1640,#107,.T.);
#1392=EDGE_CURVE('',#1673,#1637,#108,.T.);
#1393=EDGE_CURVE('',#1672,#1673,#109,.T.);
#1394=EDGE_CURVE('',#1674,#1675,#110,.T.);
#1395=EDGE_CURVE('',#1675,#1676,#111,.T.);
#1396=EDGE_CURVE('',#1676,#1677,#112,.T.);
#1397=EDGE_CURVE('',#1677,#1678,#113,.T.);
#1398=EDGE_CURVE('',#1670,#1678,#1821,.T.);
#1399=EDGE_CURVE('',#1674,#1673,#1822,.T.);
#1400=EDGE_CURVE('',#1679,#1679,#1823,.T.);
#1401=EDGE_CURVE('',#1680,#1680,#1824,.T.);
#1402=EDGE_CURVE('',#1681,#1682,#114,.T.);
#1403=EDGE_CURVE('',#1649,#1682,#115,.T.);
#1404=EDGE_CURVE('',#1648,#1681,#116,.T.);
#1405=EDGE_CURVE('',#1682,#1683,#117,.T.);
#1406=EDGE_CURVE('',#1650,#1683,#118,.T.);
#1407=EDGE_CURVE('',#1683,#1684,#119,.T.);
#1408=EDGE_CURVE('',#1651,#1684,#120,.T.);
#1409=EDGE_CURVE('',#1685,#1684,#1825,.T.);
#1410=EDGE_CURVE('',#1647,#1685,#121,.T.);
#1411=EDGE_CURVE('',#1685,#1681,#122,.T.);
#1412=EDGE_CURVE('',#1686,#1687,#123,.T.);
#1413=EDGE_CURVE('',#1659,#1687,#124,.T.);
#1414=EDGE_CURVE('',#1658,#1686,#125,.T.);
#1415=EDGE_CURVE('',#1687,#1688,#126,.T.);
#1416=EDGE_CURVE('',#1660,#1688,#127,.T.);
#1417=EDGE_CURVE('',#1689,#1688,#1826,.T.);
#1418=EDGE_CURVE('',#1656,#1689,#128,.T.);
#1419=EDGE_CURVE('',#1689,#1690,#129,.T.);
#1420=EDGE_CURVE('',#1657,#1690,#130,.T.);
#1421=EDGE_CURVE('',#1690,#1686,#131,.T.);
#1422=EDGE_CURVE('',#1691,#1692,#132,.T.);
#1423=EDGE_CURVE('',#1667,#1692,#133,.T.);
#1424=EDGE_CURVE('',#1666,#1691,#134,.T.);
#1425=EDGE_CURVE('',#1692,#1693,#135,.T.);
#1426=EDGE_CURVE('',#1668,#1693,#136,.T.);
#1427=EDGE_CURVE('',#1693,#1694,#137,.T.);
#1428=EDGE_CURVE('',#1669,#1694,#138,.T.);
#1429=EDGE_CURVE('',#1695,#1694,#1827,.T.);
#1430=EDGE_CURVE('',#1665,#1695,#139,.T.);
#1431=EDGE_CURVE('',#1695,#1691,#140,.T.);
#1432=EDGE_CURVE('',#1696,#1697,#141,.T.);
#1433=EDGE_CURVE('',#1678,#1697,#142,.T.);
#1434=EDGE_CURVE('',#1677,#1696,#143,.T.);
#1435=EDGE_CURVE('',#1698,#1697,#1828,.T.);
#1436=EDGE_CURVE('',#1674,#1698,#144,.T.);
#1437=EDGE_CURVE('',#1698,#1699,#145,.T.);
#1438=EDGE_CURVE('',#1675,#1699,#146,.T.);
#1439=EDGE_CURVE('',#1699,#1700,#147,.T.);
#1440=EDGE_CURVE('',#1676,#1700,#148,.T.);
#1441=EDGE_CURVE('',#1700,#1696,#149,.T.);
#1442=EDGE_CURVE('',#1701,#1701,#1829,.T.);
#1443=EDGE_CURVE('',#1702,#1702,#1830,.T.);
#1444=EDGE_CURVE('',#1703,#1704,#150,.T.);
#1445=EDGE_CURVE('',#1703,#1705,#151,.T.);
#1446=EDGE_CURVE('',#1705,#1706,#152,.T.);
#1447=EDGE_CURVE('',#1706,#1704,#153,.T.);
#1448=EDGE_CURVE('',#1707,#1705,#154,.T.);
#1449=EDGE_CURVE('',#1708,#1703,#155,.T.);
#1450=EDGE_CURVE('',#1707,#1708,#156,.T.);
#1451=EDGE_CURVE('',#1709,#1707,#157,.T.);
#1452=EDGE_CURVE('',#1710,#1708,#158,.T.);
#1453=EDGE_CURVE('',#1709,#1710,#159,.T.);
#1454=EDGE_CURVE('',#1711,#1710,#160,.T.);
#1455=EDGE_CURVE('',#1712,#1711,#161,.T.);
#1456=EDGE_CURVE('',#1712,#1709,#162,.T.);
#1457=EDGE_CURVE('',#1713,#1712,#163,.T.);
#1458=EDGE_CURVE('',#1714,#1713,#164,.T.);
#1459=EDGE_CURVE('',#1706,#1714,#165,.T.);
#1460=EDGE_CURVE('',#1704,#1715,#166,.T.);
#1461=EDGE_CURVE('',#1714,#1715,#167,.T.);
#1462=EDGE_CURVE('',#1715,#1716,#168,.T.);
#1463=EDGE_CURVE('',#1716,#1711,#169,.T.);
#1464=EDGE_CURVE('',#1713,#1716,#1831,.T.);
#1465=EDGE_CURVE('',#1716,#1713,#1832,.T.);
#1466=EDGE_CURVE('',#1717,#1717,#1833,.T.);
#1467=EDGE_CURVE('',#1718,#1719,#170,.F.);
#1468=EDGE_CURVE('',#1720,#1718,#1834,.T.);
#1469=EDGE_CURVE('',#1721,#1720,#171,.T.);
#1470=EDGE_CURVE('',#1721,#1719,#1835,.T.);
#1471=EDGE_CURVE('',#1719,#1722,#489,.T.);
#1472=EDGE_CURVE('',#1723,#1721,#490,.T.);
#1473=EDGE_CURVE('',#1723,#1722,#1836,.T.);
#1474=EDGE_CURVE('',#1724,#1725,#172,.F.);
#1475=EDGE_CURVE('',#1726,#1724,#1837,.T.);
#1476=EDGE_CURVE('',#1727,#1726,#173,.T.);
#1477=EDGE_CURVE('',#1727,#1725,#1838,.T.);
#1478=EDGE_CURVE('',#1725,#1728,#491,.T.);
#1479=EDGE_CURVE('',#1729,#1727,#492,.T.);
#1480=EDGE_CURVE('',#1729,#1728,#1839,.T.);
#1481=EDGE_CURVE('',#1730,#1731,#174,.F.);
#1482=EDGE_CURVE('',#1732,#1730,#1840,.T.);
#1483=EDGE_CURVE('',#1733,#1732,#175,.T.);
#1484=EDGE_CURVE('',#1733,#1731,#1841,.T.);
#1485=EDGE_CURVE('',#1731,#1734,#493,.T.);
#1486=EDGE_CURVE('',#1735,#1733,#494,.T.);
#1487=EDGE_CURVE('',#1735,#1734,#1842,.T.);
#1488=EDGE_CURVE('',#1736,#1737,#176,.F.);
#1489=EDGE_CURVE('',#1738,#1736,#1843,.T.);
#1490=EDGE_CURVE('',#1739,#1738,#177,.T.);
#1491=EDGE_CURVE('',#1739,#1737,#1844,.T.);
#1492=EDGE_CURVE('',#1737,#1740,#495,.T.);
#1493=EDGE_CURVE('',#1741,#1739,#496,.T.);
#1494=EDGE_CURVE('',#1741,#1740,#1845,.T.);
#1495=EDGE_CURVE('',#1742,#1743,#178,.T.);
#1496=EDGE_CURVE('',#1744,#1742,#1846,.T.);
#1497=EDGE_CURVE('',#1722,#1744,#179,.T.);
#1498=EDGE_CURVE('',#1728,#1723,#180,.T.);
#1499=EDGE_CURVE('',#1734,#1729,#181,.T.);
#1500=EDGE_CURVE('',#1740,#1735,#182,.T.);
#1501=EDGE_CURVE('',#1745,#1741,#183,.T.);
#1502=EDGE_CURVE('',#1743,#1745,#1847,.T.);
#1503=EDGE_CURVE('',#1746,#1742,#497,.T.);
#1504=EDGE_CURVE('',#1747,#1746,#1848,.T.);
#1505=EDGE_CURVE('',#1744,#1747,#498,.T.);
#1506=EDGE_CURVE('',#1748,#1746,#184,.F.);
#1507=EDGE_CURVE('',#1749,#1748,#1849,.T.);
#1508=EDGE_CURVE('',#1747,#1749,#185,.T.);
#1509=EDGE_CURVE('',#1750,#1751,#186,.T.);
#1510=EDGE_CURVE('',#1750,#1752,#1850,.T.);
#1511=EDGE_CURVE('',#1753,#1752,#187,.F.);
#1512=EDGE_CURVE('',#1751,#1753,#1851,.T.);
#1513=EDGE_CURVE('',#1743,#1750,#499,.T.);
#1514=EDGE_CURVE('',#1752,#1745,#500,.T.);
#1515=EDGE_CURVE('',#1754,#1748,#501,.T.);
#1516=EDGE_CURVE('',#1755,#1754,#1852,.T.);
#1517=EDGE_CURVE('',#1749,#1755,#502,.T.);
#1518=EDGE_CURVE('',#1755,#1756,#188,.T.);
#1519=EDGE_CURVE('',#1756,#1718,#503,.T.);
#1520=EDGE_CURVE('',#1757,#1756,#1853,.T.);
#1521=EDGE_CURVE('',#1720,#1757,#504,.T.);
#1522=EDGE_CURVE('',#1757,#1758,#189,.T.);
#1523=EDGE_CURVE('',#1758,#1724,#505,.T.);
#1524=EDGE_CURVE('',#1759,#1758,#1854,.T.);
#1525=EDGE_CURVE('',#1726,#1759,#506,.T.);
#1526=EDGE_CURVE('',#1759,#1760,#190,.T.);
#1527=EDGE_CURVE('',#1760,#1730,#507,.T.);
#1528=EDGE_CURVE('',#1761,#1760,#1855,.T.);
#1529=EDGE_CURVE('',#1732,#1761,#508,.T.);
#1530=EDGE_CURVE('',#1761,#1762,#191,.T.);
#1531=EDGE_CURVE('',#1762,#1736,#509,.T.);
#1532=EDGE_CURVE('',#1763,#1762,#1856,.T.);
#1533=EDGE_CURVE('',#1738,#1763,#510,.T.);
#1534=EDGE_CURVE('',#1763,#1764,#192,.T.);
#1535=EDGE_CURVE('',#1764,#1753,#511,.T.);
#1536=EDGE_CURVE('',#1751,#1765,#512,.T.);
#1537=EDGE_CURVE('',#1765,#1764,#1857,.T.);
#1538=EDGE_CURVE('',#1765,#1754,#193,.T.);
#1539=EDGE_CURVE('',#1766,#1766,#1858,.T.);
#1540=EDGE_CURVE('',#1767,#1767,#1859,.T.);
#1541=EDGE_CURVE('',#1768,#1768,#1860,.T.);
#1542=VERTEX_POINT('',#3299);
#1543=VERTEX_POINT('',#3301);
#1544=VERTEX_POINT('',#3307);
#1545=VERTEX_POINT('',#3308);
#1546=VERTEX_POINT('',#3313);
#1547=VERTEX_POINT('',#3320);
#1548=VERTEX_POINT('',#3322);
#1549=VERTEX_POINT('',#3332);
#1550=VERTEX_POINT('',#3334);
#1551=VERTEX_POINT('',#3344);
#1552=VERTEX_POINT('',#3349);
#1553=VERTEX_POINT('',#3356);
#1554=VERTEX_POINT('',#3358);
#1555=VERTEX_POINT('',#3368);
#1556=VERTEX_POINT('',#3377);
#1557=VERTEX_POINT('',#3382);
#1558=VERTEX_POINT('',#3387);
#1559=VERTEX_POINT('',#3394);
#1560=VERTEX_POINT('',#3399);
#1561=VERTEX_POINT('',#3406);
#1562=VERTEX_POINT('',#3411);
#1563=VERTEX_POINT('',#3418);
#1564=VERTEX_POINT('',#3423);
#1565=VERTEX_POINT('',#3430);
#1566=VERTEX_POINT('',#3435);
#1567=VERTEX_POINT('',#3442);
#1568=VERTEX_POINT('',#3449);
#1569=VERTEX_POINT('',#3452);
#1570=VERTEX_POINT('',#3455);
#1571=VERTEX_POINT('',#3458);
#1572=VERTEX_POINT('',#3461);
#1573=VERTEX_POINT('',#3467);
#1574=VERTEX_POINT('',#3468);
#1575=VERTEX_POINT('',#3470);
#1576=VERTEX_POINT('',#3475);
#1577=VERTEX_POINT('',#3477);
#1578=VERTEX_POINT('',#3483);
#1579=VERTEX_POINT('',#3490);
#1580=VERTEX_POINT('',#3492);
#1581=VERTEX_POINT('',#3494);
#1582=VERTEX_POINT('',#3496);
#1583=VERTEX_POINT('',#3503);
#1584=VERTEX_POINT('',#3506);
#1585=VERTEX_POINT('',#3508);
#1586=VERTEX_POINT('',#3515);
#1587=VERTEX_POINT('',#3519);
#1588=VERTEX_POINT('',#3523);
#1589=VERTEX_POINT('',#3531);
#1590=VERTEX_POINT('',#3538);
#1591=VERTEX_POINT('',#3542);
#1592=VERTEX_POINT('',#3548);
#1593=VERTEX_POINT('',#3551);
#1594=VERTEX_POINT('',#3554);
#1595=VERTEX_POINT('',#3557);
#1596=VERTEX_POINT('',#3560);
#1597=VERTEX_POINT('',#3563);
#1598=VERTEX_POINT('',#3566);
#1599=VERTEX_POINT('',#3572);
#1600=VERTEX_POINT('',#3573);
#1601=VERTEX_POINT('',#3575);
#1602=VERTEX_POINT('',#3580);
#1603=VERTEX_POINT('',#3587);
#1604=VERTEX_POINT('',#3592);
#1605=VERTEX_POINT('',#3604);
#1606=VERTEX_POINT('',#3605);
#1607=VERTEX_POINT('',#3613);
#1608=VERTEX_POINT('',#3615);
#1609=VERTEX_POINT('',#3625);
#1610=VERTEX_POINT('',#3627);
#1611=VERTEX_POINT('',#3637);
#1612=VERTEX_POINT('',#3639);
#1613=VERTEX_POINT('',#3649);
#1614=VERTEX_POINT('',#3657);
#1615=VERTEX_POINT('',#3670);
#1616=VERTEX_POINT('',#3686);
#1617=VERTEX_POINT('',#3688);
#1618=VERTEX_POINT('',#3691);
#1619=VERTEX_POINT('',#3695);
#1620=VERTEX_POINT('',#3696);
#1621=VERTEX_POINT('',#3698);
#1622=VERTEX_POINT('',#3700);
#1623=VERTEX_POINT('',#3704);
#1624=VERTEX_POINT('',#3706);
#1625=VERTEX_POINT('',#3710);
#1626=VERTEX_POINT('',#3711);
#1627=VERTEX_POINT('',#3713);
#1628=VERTEX_POINT('',#3715);
#1629=VERTEX_POINT('',#3719);
#1630=VERTEX_POINT('',#3721);
#1631=VERTEX_POINT('',#3725);
#1632=VERTEX_POINT('',#3726);
#1633=VERTEX_POINT('',#3728);
#1634=VERTEX_POINT('',#3730);
#1635=VERTEX_POINT('',#3734);
#1636=VERTEX_POINT('',#3736);
#1637=VERTEX_POINT('',#3740);
#1638=VERTEX_POINT('',#3741);
#1639=VERTEX_POINT('',#3743);
#1640=VERTEX_POINT('',#3745);
#1641=VERTEX_POINT('',#3749);
#1642=VERTEX_POINT('',#3751);
#1643=VERTEX_POINT('',#3755);
#1644=VERTEX_POINT('',#3757);
#1645=VERTEX_POINT('',#3761);
#1646=VERTEX_POINT('',#3765);
#1647=VERTEX_POINT('',#3769);
#1648=VERTEX_POINT('',#3770);
#1649=VERTEX_POINT('',#3772);
#1650=VERTEX_POINT('',#3774);
#1651=VERTEX_POINT('',#3776);
#1652=VERTEX_POINT('',#3781);
#1653=VERTEX_POINT('',#3783);
#1654=VERTEX_POINT('',#3787);
#1655=VERTEX_POINT('',#3791);
#1656=VERTEX_POINT('',#3795);
#1657=VERTEX_POINT('',#3796);
#1658=VERTEX_POINT('',#3798);
#1659=VERTEX_POINT('',#3800);
#1660=VERTEX_POINT('',#3802);
#1661=VERTEX_POINT('',#3807);
#1662=VERTEX_POINT('',#3809);
#1663=VERTEX_POINT('',#3813);
#1664=VERTEX_POINT('',#3817);
#1665=VERTEX_POINT('',#3821);
#1666=VERTEX_POINT('',#3822);
#1667=VERTEX_POINT('',#3824);
#1668=VERTEX_POINT('',#3826);
#1669=VERTEX_POINT('',#3828);
#1670=VERTEX_POINT('',#3833);
#1671=VERTEX_POINT('',#3835);
#1672=VERTEX_POINT('',#3839);
#1673=VERTEX_POINT('',#3843);
#1674=VERTEX_POINT('',#3847);
#1675=VERTEX_POINT('',#3848);
#1676=VERTEX_POINT('',#3850);
#1677=VERTEX_POINT('',#3852);
#1678=VERTEX_POINT('',#3854);
#1679=VERTEX_POINT('',#3859);
#1680=VERTEX_POINT('',#3862);
#1681=VERTEX_POINT('',#3865);
#1682=VERTEX_POINT('',#3866);
#1683=VERTEX_POINT('',#3871);
#1684=VERTEX_POINT('',#3875);
#1685=VERTEX_POINT('',#3879);
#1686=VERTEX_POINT('',#3885);
#1687=VERTEX_POINT('',#3886);
#1688=VERTEX_POINT('',#3891);
#1689=VERTEX_POINT('',#3895);
#1690=VERTEX_POINT('',#3899);
#1691=VERTEX_POINT('',#3905);
#1692=VERTEX_POINT('',#3906);
#1693=VERTEX_POINT('',#3911);
#1694=VERTEX_POINT('',#3915);
#1695=VERTEX_POINT('',#3919);
#1696=VERTEX_POINT('',#3925);
#1697=VERTEX_POINT('',#3926);
#1698=VERTEX_POINT('',#3931);
#1699=VERTEX_POINT('',#3935);
#1700=VERTEX_POINT('',#3939);
#1701=VERTEX_POINT('',#3945);
#1702=VERTEX_POINT('',#3948);
#1703=VERTEX_POINT('',#3951);
#1704=VERTEX_POINT('',#3952);
#1705=VERTEX_POINT('',#3954);
#1706=VERTEX_POINT('',#3956);
#1707=VERTEX_POINT('',#3960);
#1708=VERTEX_POINT('',#3962);
#1709=VERTEX_POINT('',#3966);
#1710=VERTEX_POINT('',#3968);
#1711=VERTEX_POINT('',#3972);
#1712=VERTEX_POINT('',#3974);
#1713=VERTEX_POINT('',#3978);
#1714=VERTEX_POINT('',#3980);
#1715=VERTEX_POINT('',#3984);
#1716=VERTEX_POINT('',#3988);
#1717=VERTEX_POINT('',#3996);
#1718=VERTEX_POINT('',#3999);
#1719=VERTEX_POINT('',#4000);
#1720=VERTEX_POINT('',#4002);
#1721=VERTEX_POINT('',#4004);
#1722=VERTEX_POINT('',#4011);
#1723=VERTEX_POINT('',#4016);
#1724=VERTEX_POINT('',#4020);
#1725=VERTEX_POINT('',#4021);
#1726=VERTEX_POINT('',#4023);
#1727=VERTEX_POINT('',#4025);
#1728=VERTEX_POINT('',#4032);
#1729=VERTEX_POINT('',#4037);
#1730=VERTEX_POINT('',#4041);
#1731=VERTEX_POINT('',#4042);
#1732=VERTEX_POINT('',#4044);
#1733=VERTEX_POINT('',#4046);
#1734=VERTEX_POINT('',#4053);
#1735=VERTEX_POINT('',#4058);
#1736=VERTEX_POINT('',#4062);
#1737=VERTEX_POINT('',#4063);
#1738=VERTEX_POINT('',#4065);
#1739=VERTEX_POINT('',#4067);
#1740=VERTEX_POINT('',#4074);
#1741=VERTEX_POINT('',#4079);
#1742=VERTEX_POINT('',#4083);
#1743=VERTEX_POINT('',#4084);
#1744=VERTEX_POINT('',#4086);
#1745=VERTEX_POINT('',#4092);
#1746=VERTEX_POINT('',#4099);
#1747=VERTEX_POINT('',#4101);
#1748=VERTEX_POINT('',#4108);
#1749=VERTEX_POINT('',#4110);
#1750=VERTEX_POINT('',#4114);
#1751=VERTEX_POINT('',#4115);
#1752=VERTEX_POINT('',#4117);
#1753=VERTEX_POINT('',#4119);
#1754=VERTEX_POINT('',#4135);
#1755=VERTEX_POINT('',#4137);
#1756=VERTEX_POINT('',#4144);
#1757=VERTEX_POINT('',#4151);
#1758=VERTEX_POINT('',#4158);
#1759=VERTEX_POINT('',#4165);
#1760=VERTEX_POINT('',#4172);
#1761=VERTEX_POINT('',#4179);
#1762=VERTEX_POINT('',#4186);
#1763=VERTEX_POINT('',#4193);
#1764=VERTEX_POINT('',#4200);
#1765=VERTEX_POINT('',#4210);
#1766=VERTEX_POINT('',#4216);
#1767=VERTEX_POINT('',#4219);
#1768=VERTEX_POINT('',#4222);
#1769=CIRCLE('',#2409,3.17500000000002);
#1770=CIRCLE('',#2410,3.17500000000002);
#1771=CIRCLE('',#2412,4.00000000000002);
#1772=CIRCLE('',#2414,4.00000000000002);
#1773=CIRCLE('',#2416,4.00000000000002);
#1774=CIRCLE('',#2418,4.00000000000002);
#1775=CIRCLE('',#2420,4.00000000000002);
#1776=CIRCLE('',#2422,4.00000000000002);
#1777=CIRCLE('',#2431,0.190000000000001);
#1778=CIRCLE('',#2433,0.190000000000001);
#1779=CIRCLE('',#2435,0.190000000000005);
#1780=CIRCLE('',#2437,0.190000000000005);
#1781=CIRCLE('',#2439,1.575);
#1782=CIRCLE('',#2441,1.57499999999999);
#1783=CIRCLE('',#2444,1.64999999999999);
#1784=CIRCLE('',#2447,0.25);
#1785=CIRCLE('',#2458,1.96999999999999);
#1786=CIRCLE('',#2460,0.25);
#1787=CIRCLE('',#2462,0.35);
#1788=CIRCLE('',#2464,1.97);
#1789=CIRCLE('',#2466,0.35);
#1790=CIRCLE('',#2468,0.35);
#1791=CIRCLE('',#2470,2.35);
#1792=CIRCLE('',#2472,0.35);
#1793=CIRCLE('',#2474,0.74999999999996);
#1794=CIRCLE('',#2475,0.74999999999996);
#1795=CIRCLE('',#2478,2.35);
#1796=CIRCLE('',#2479,2.35);
#1797=CIRCLE('',#2481,0.75);
#1798=CIRCLE('',#2483,0.75);
#1799=CIRCLE('',#2485,2.35000000000001);
#1800=CIRCLE('',#2488,2.35000000000001);
#1801=CIRCLE('',#2491,2.35000000000001);
#1802=CIRCLE('',#2493,3.99999999999991);
#1803=CIRCLE('',#2495,3.99999999999991);
#1804=CIRCLE('',#2497,3.99999999999991);
#1805=CIRCLE('',#2499,3.99999999999991);
#1806=CIRCLE('',#2501,3.99999999999991);
#1807=CIRCLE('',#2503,3.99999999999991);
#1808=CIRCLE('',#2506,3.17500000000002);
#1809=CIRCLE('',#2507,5.075);
#1810=CIRCLE('',#2509,5.075);
#1811=CIRCLE('',#2521,1.52499999996713);
#1812=CIRCLE('',#2524,1.52499999999594);
#1813=CIRCLE('',#2525,1.52499999999594);
#1814=CIRCLE('',#2528,1.52499999998495);
#1815=CIRCLE('',#2531,1.52499999999766);
#1816=CIRCLE('',#2532,1.52499999999766);
#1817=CIRCLE('',#2535,1.52499999996732);
#1818=CIRCLE('',#2538,1.52499999999593);
#1819=CIRCLE('',#2539,1.52499999999593);
#1820=CIRCLE('',#2542,1.5249999999805);
#1821=CIRCLE('',#2545,1.52499999999767);
#1822=CIRCLE('',#2546,1.52499999999767);
#1823=CIRCLE('',#2548,0.255);
#1824=CIRCLE('',#2550,0.255);
#1825=CIRCLE('',#2555,1.52499999999594);
#1826=CIRCLE('',#2560,1.52499999999766);
#1827=CIRCLE('',#2567,1.52499999999593);
#1828=CIRCLE('',#2571,1.52499999999767);
#1829=CIRCLE('',#2576,0.255);
#1830=CIRCLE('',#2578,0.255);
#1831=CIRCLE('',#2587,2.35000000000004);
#1832=CIRCLE('',#2589,2.35000000000004);
#1833=CIRCLE('',#2591,2.35000000000004);
#1834=CIRCLE('',#2593,5.30000000000003);
#1835=CIRCLE('',#2594,5.30000000000003);
#1836=CIRCLE('',#2596,5.05000000000004);
#1837=CIRCLE('',#2598,5.30000000000003);
#1838=CIRCLE('',#2599,5.30000000000003);
#1839=CIRCLE('',#2601,5.05000000000004);
#1840=CIRCLE('',#2603,5.30000000000003);
#1841=CIRCLE('',#2604,5.30000000000003);
#1842=CIRCLE('',#2606,5.05000000000004);
#1843=CIRCLE('',#2608,5.30000000000003);
#1844=CIRCLE('',#2609,5.30000000000003);
#1845=CIRCLE('',#2611,5.05000000000004);
#1846=CIRCLE('',#2613,5.05000000000004);
#1847=CIRCLE('',#2614,5.05000000000004);
#1848=CIRCLE('',#2616,5.30000000000003);
#1849=CIRCLE('',#2618,5.30000000000003);
#1850=CIRCLE('',#2620,5.30000000000003);
#1851=CIRCLE('',#2621,5.30000000000003);
#1852=CIRCLE('',#2624,4.86698729810783);
#1853=CIRCLE('',#2627,4.86698729810783);
#1854=CIRCLE('',#2630,4.86698729810783);
#1855=CIRCLE('',#2633,4.86698729810783);
#1856=CIRCLE('',#2636,4.86698729810783);
#1857=CIRCLE('',#2639,4.86698729810783);
#1858=CIRCLE('',#2642,4.02500000000003);
#1859=CIRCLE('',#2644,4.02500000000003);
#1860=CIRCLE('',#2646,3.17500000000003);
#1861=EDGE_LOOP('',(#540));
#1862=EDGE_LOOP('',(#541));
#1863=EDGE_LOOP('',(#542,#543,#544));
#1864=EDGE_LOOP('',(#545,#546,#547));
#1865=EDGE_LOOP('',(#548,#549,#550));
#1866=EDGE_LOOP('',(#551,#552,#553));
#1867=EDGE_LOOP('',(#554,#555,#556));
#1868=EDGE_LOOP('',(#557,#558,#559));
#1869=EDGE_LOOP('',(#560,#561,#562,#563,#564,#565));
#1870=EDGE_LOOP('',(#566));
#1871=EDGE_LOOP('',(#567,#568,#569,#570,#571,#572));
#1872=EDGE_LOOP('',(#573,#574,#575,#576,#577,#578));
#1873=EDGE_LOOP('',(#579,#580,#581,#582,#583,#584));
#1874=EDGE_LOOP('',(#585,#586,#587,#588,#589,#590));
#1875=EDGE_LOOP('',(#591,#592,#593,#594,#595,#596));
#1876=EDGE_LOOP('',(#597,#598,#599,#600,#601,#602));
#1877=EDGE_LOOP('',(#603));
#1878=EDGE_LOOP('',(#604));
#1879=EDGE_LOOP('',(#605));
#1880=EDGE_LOOP('',(#606));
#1881=EDGE_LOOP('',(#607));
#1882=EDGE_LOOP('',(#608));
#1883=EDGE_LOOP('',(#609));
#1884=EDGE_LOOP('',(#610));
#1885=EDGE_LOOP('',(#611));
#1886=EDGE_LOOP('',(#612));
#1887=EDGE_LOOP('',(#613,#614,#615,#616,#617,#618));
#1888=EDGE_LOOP('',(#619,#620,#621,#622,#623,#624));
#1889=EDGE_LOOP('',(#625));
#1890=EDGE_LOOP('',(#626,#627,#628,#629));
#1891=EDGE_LOOP('',(#630,#631,#632,#633,#634));
#1892=EDGE_LOOP('',(#635,#636,#637,#638));
#1893=EDGE_LOOP('',(#639,#640,#641,#642));
#1894=EDGE_LOOP('',(#643,#644,#645,#646));
#1895=EDGE_LOOP('',(#647,#648,#649,#650,#651));
#1896=EDGE_LOOP('',(#652,#653,#654,#655));
#1897=EDGE_LOOP('',(#656,#657,#658,#659));
#1898=EDGE_LOOP('',(#660));
#1899=EDGE_LOOP('',(#661));
#1900=EDGE_LOOP('',(#662));
#1901=EDGE_LOOP('',(#663,#664,#665,#666,#667,#668,#669,#670));
#1902=EDGE_LOOP('',(#671));
#1903=EDGE_LOOP('',(#672));
#1904=EDGE_LOOP('',(#673));
#1905=EDGE_LOOP('',(#674));
#1906=EDGE_LOOP('',(#675));
#1907=EDGE_LOOP('',(#676));
#1908=EDGE_LOOP('',(#677));
#1909=EDGE_LOOP('',(#678));
#1910=EDGE_LOOP('',(#679));
#1911=EDGE_LOOP('',(#680));
#1912=EDGE_LOOP('',(#681,#682,#683,#684));
#1913=EDGE_LOOP('',(#685,#686,#687,#688));
#1914=EDGE_LOOP('',(#689));
#1915=EDGE_LOOP('',(#690,#691,#692,#693));
#1916=EDGE_LOOP('',(#694,#695,#696,#697));
#1917=EDGE_LOOP('',(#698));
#1918=EDGE_LOOP('',(#699,#700,#701,#702));
#1919=EDGE_LOOP('',(#703,#704,#705,#706,#707,#708,#709,#710));
#1920=EDGE_LOOP('',(#711,#712,#713,#714));
#1921=EDGE_LOOP('',(#715,#716,#717,#718,#719,#720,#721,#722));
#1922=EDGE_LOOP('',(#723,#724,#725,#726));
#1923=EDGE_LOOP('',(#727));
#1924=EDGE_LOOP('',(#728,#729,#730,#731));
#1925=EDGE_LOOP('',(#732,#733,#734));
#1926=EDGE_LOOP('',(#735,#736,#737));
#1927=EDGE_LOOP('',(#738,#739,#740));
#1928=EDGE_LOOP('',(#741,#742,#743));
#1929=EDGE_LOOP('',(#744,#745,#746));
#1930=EDGE_LOOP('',(#747));
#1931=EDGE_LOOP('',(#748,#749,#750,#751,#752,#753));
#1932=EDGE_LOOP('',(#754,#755,#756));
#1933=EDGE_LOOP('',(#757));
#1934=EDGE_LOOP('',(#758));
#1935=EDGE_LOOP('',(#759));
#1936=EDGE_LOOP('',(#760));
#1937=EDGE_LOOP('',(#761));
#1938=EDGE_LOOP('',(#762));
#1939=EDGE_LOOP('',(#763,#764,#765,#766));
#1940=EDGE_LOOP('',(#767,#768,#769,#770));
#1941=EDGE_LOOP('',(#771,#772,#773,#774));
#1942=EDGE_LOOP('',(#775,#776,#777,#778));
#1943=EDGE_LOOP('',(#779,#780,#781,#782));
#1944=EDGE_LOOP('',(#783,#784,#785,#786));
#1945=EDGE_LOOP('',(#787,#788,#789,#790));
#1946=EDGE_LOOP('',(#791,#792,#793,#794));
#1947=EDGE_LOOP('',(#795,#796,#797,#798));
#1948=EDGE_LOOP('',(#799,#800,#801,#802,#803));
#1949=EDGE_LOOP('',(#804,#805,#806,#807));
#1950=EDGE_LOOP('',(#808,#809,#810,#811,#812,#813,#814,#815,#816,#817));
#1951=EDGE_LOOP('',(#818,#819,#820,#821));
#1952=EDGE_LOOP('',(#822,#823,#824,#825,#826));
#1953=EDGE_LOOP('',(#827,#828,#829,#830));
#1954=EDGE_LOOP('',(#831,#832,#833,#834,#835,#836,#837,#838,#839,#840));
#1955=EDGE_LOOP('',(#841,#842,#843,#844));
#1956=EDGE_LOOP('',(#845,#846,#847,#848,#849));
#1957=EDGE_LOOP('',(#850,#851,#852,#853));
#1958=EDGE_LOOP('',(#854,#855,#856,#857,#858,#859,#860,#861,#862,#863));
#1959=EDGE_LOOP('',(#864,#865,#866,#867));
#1960=EDGE_LOOP('',(#868,#869,#870,#871,#872));
#1961=EDGE_LOOP('',(#873,#874,#875,#876));
#1962=EDGE_LOOP('',(#877,#878,#879,#880,#881,#882,#883,#884,#885,#886));
#1963=EDGE_LOOP('',(#887));
#1964=EDGE_LOOP('',(#888));
#1965=EDGE_LOOP('',(#889,#890,#891,#892));
#1966=EDGE_LOOP('',(#893,#894,#895,#896));
#1967=EDGE_LOOP('',(#897,#898,#899,#900));
#1968=EDGE_LOOP('',(#901,#902,#903,#904,#905,#906,#907,#908));
#1969=EDGE_LOOP('',(#909,#910,#911,#912));
#1970=EDGE_LOOP('',(#913,#914,#915,#916));
#1971=EDGE_LOOP('',(#917,#918,#919,#920));
#1972=EDGE_LOOP('',(#921,#922,#923,#924,#925,#926,#927,#928));
#1973=EDGE_LOOP('',(#929,#930,#931,#932));
#1974=EDGE_LOOP('',(#933,#934,#935,#936));
#1975=EDGE_LOOP('',(#937,#938,#939,#940));
#1976=EDGE_LOOP('',(#941,#942,#943,#944));
#1977=EDGE_LOOP('',(#945,#946,#947,#948));
#1978=EDGE_LOOP('',(#949,#950,#951,#952,#953,#954,#955,#956));
#1979=EDGE_LOOP('',(#957,#958,#959,#960));
#1980=EDGE_LOOP('',(#961,#962,#963,#964));
#1981=EDGE_LOOP('',(#965,#966,#967,#968,#969,#970,#971,#972));
#1982=EDGE_LOOP('',(#973,#974,#975,#976));
#1983=EDGE_LOOP('',(#977,#978,#979,#980));
#1984=EDGE_LOOP('',(#981,#982,#983,#984));
#1985=EDGE_LOOP('',(#985));
#1986=EDGE_LOOP('',(#986));
#1987=EDGE_LOOP('',(#987));
#1988=EDGE_LOOP('',(#988));
#1989=EDGE_LOOP('',(#989,#990,#991,#992));
#1990=EDGE_LOOP('',(#993));
#1991=EDGE_LOOP('',(#994));
#1992=EDGE_LOOP('',(#995,#996,#997,#998,#999));
#1993=EDGE_LOOP('',(#1000,#1001,#1002,#1003,#1004));
#1994=EDGE_LOOP('',(#1005,#1006,#1007,#1008,#1009));
#1995=EDGE_LOOP('',(#1010,#1011,#1012,#1013,#1014));
#1996=EDGE_LOOP('',(#1015,#1016,#1017,#1018));
#1997=EDGE_LOOP('',(#1019,#1020,#1021,#1022));
#1998=EDGE_LOOP('',(#1023,#1024,#1025,#1026));
#1999=EDGE_LOOP('',(#1027,#1028,#1029,#1030,#1031,#1032,#1033));
#2000=EDGE_LOOP('',(#1034,#1035,#1036,#1037));
#2001=EDGE_LOOP('',(#1038,#1039,#1040,#1041,#1042,#1043,#1044));
#2002=EDGE_LOOP('',(#1045,#1046,#1047,#1048));
#2003=EDGE_LOOP('',(#1049,#1050,#1051,#1052));
#2004=EDGE_LOOP('',(#1053));
#2005=EDGE_LOOP('',(#1054,#1055));
#2006=EDGE_LOOP('',(#1056,#1057,#1058,#1059));
#2007=EDGE_LOOP('',(#1060,#1061,#1062,#1063));
#2008=EDGE_LOOP('',(#1064,#1065,#1066,#1067));
#2009=EDGE_LOOP('',(#1068,#1069,#1070,#1071));
#2010=EDGE_LOOP('',(#1072,#1073,#1074,#1075));
#2011=EDGE_LOOP('',(#1076,#1077,#1078,#1079));
#2012=EDGE_LOOP('',(#1080,#1081,#1082,#1083));
#2013=EDGE_LOOP('',(#1084,#1085,#1086,#1087));
#2014=EDGE_LOOP('',(#1088));
#2015=EDGE_LOOP('',(#1089,#1090,#1091,#1092,#1093,#1094,#1095,#1096,#1097,
#1098,#1099,#1100));
#2016=EDGE_LOOP('',(#1101,#1102,#1103,#1104));
#2017=EDGE_LOOP('',(#1105,#1106,#1107,#1108));
#2018=EDGE_LOOP('',(#1109,#1110,#1111,#1112));
#2019=EDGE_LOOP('',(#1113,#1114,#1115,#1116));
#2020=EDGE_LOOP('',(#1117,#1118,#1119,#1120));
#2021=EDGE_LOOP('',(#1121,#1122,#1123,#1124,#1125,#1126,#1127,#1128));
#2022=EDGE_LOOP('',(#1129,#1130,#1131,#1132));
#2023=EDGE_LOOP('',(#1133,#1134,#1135,#1136,#1137,#1138,#1139,#1140));
#2024=EDGE_LOOP('',(#1141,#1142,#1143,#1144));
#2025=EDGE_LOOP('',(#1145,#1146,#1147,#1148,#1149,#1150,#1151,#1152));
#2026=EDGE_LOOP('',(#1153,#1154,#1155,#1156));
#2027=EDGE_LOOP('',(#1157,#1158,#1159,#1160,#1161,#1162,#1163,#1164));
#2028=EDGE_LOOP('',(#1165,#1166,#1167,#1168));
#2029=EDGE_LOOP('',(#1169,#1170,#1171,#1172,#1173,#1174,#1175,#1176));
#2030=EDGE_LOOP('',(#1177,#1178,#1179,#1180));
#2031=EDGE_LOOP('',(#1181,#1182,#1183,#1184,#1185,#1186,#1187,#1188));
#2032=EDGE_LOOP('',(#1189));
#2033=EDGE_LOOP('',(#1190,#1191,#1192,#1193,#1194,#1195,#1196,#1197,#1198,
#1199,#1200,#1201));
#2034=EDGE_LOOP('',(#1202));
#2035=EDGE_LOOP('',(#1203));
#2036=EDGE_LOOP('',(#1204));
#2037=EDGE_LOOP('',(#1205));
#2038=EDGE_LOOP('',(#1206));
#2039=EDGE_LOOP('',(#1207));
#2040=FACE_BOUND('',#1861,.T.);
#2041=FACE_BOUND('',#1862,.T.);
#2042=FACE_BOUND('',#1863,.T.);
#2043=FACE_BOUND('',#1864,.T.);
#2044=FACE_BOUND('',#1865,.T.);
#2045=FACE_BOUND('',#1866,.T.);
#2046=FACE_BOUND('',#1867,.T.);
#2047=FACE_BOUND('',#1868,.T.);
#2048=FACE_BOUND('',#1869,.T.);
#2049=FACE_BOUND('',#1870,.T.);
#2050=FACE_BOUND('',#1871,.T.);
#2051=FACE_BOUND('',#1872,.T.);
#2052=FACE_BOUND('',#1873,.T.);
#2053=FACE_BOUND('',#1874,.T.);
#2054=FACE_BOUND('',#1875,.T.);
#2055=FACE_BOUND('',#1876,.T.);
#2056=FACE_BOUND('',#1877,.T.);
#2057=FACE_BOUND('',#1878,.T.);
#2058=FACE_BOUND('',#1879,.T.);
#2059=FACE_BOUND('',#1880,.T.);
#2060=FACE_BOUND('',#1881,.T.);
#2061=FACE_BOUND('',#1882,.T.);
#2062=FACE_BOUND('',#1883,.T.);
#2063=FACE_BOUND('',#1884,.T.);
#2064=FACE_BOUND('',#1885,.T.);
#2065=FACE_BOUND('',#1886,.T.);
#2066=FACE_BOUND('',#1887,.T.);
#2067=FACE_BOUND('',#1888,.T.);
#2068=FACE_BOUND('',#1889,.T.);
#2069=FACE_BOUND('',#1890,.T.);
#2070=FACE_BOUND('',#1891,.T.);
#2071=FACE_BOUND('',#1892,.T.);
#2072=FACE_BOUND('',#1893,.T.);
#2073=FACE_BOUND('',#1894,.T.);
#2074=FACE_BOUND('',#1895,.T.);
#2075=FACE_BOUND('',#1896,.T.);
#2076=FACE_BOUND('',#1897,.T.);
#2077=FACE_BOUND('',#1898,.T.);
#2078=FACE_BOUND('',#1899,.T.);
#2079=FACE_BOUND('',#1900,.T.);
#2080=FACE_BOUND('',#1901,.T.);
#2081=FACE_BOUND('',#1902,.T.);
#2082=FACE_BOUND('',#1903,.T.);
#2083=FACE_BOUND('',#1904,.T.);
#2084=FACE_BOUND('',#1905,.T.);
#2085=FACE_BOUND('',#1906,.T.);
#2086=FACE_BOUND('',#1907,.T.);
#2087=FACE_BOUND('',#1908,.T.);
#2088=FACE_BOUND('',#1909,.T.);
#2089=FACE_BOUND('',#1910,.T.);
#2090=FACE_BOUND('',#1911,.T.);
#2091=FACE_BOUND('',#1912,.T.);
#2092=FACE_BOUND('',#1913,.T.);
#2093=FACE_BOUND('',#1914,.T.);
#2094=FACE_BOUND('',#1915,.T.);
#2095=FACE_BOUND('',#1916,.T.);
#2096=FACE_BOUND('',#1917,.T.);
#2097=FACE_BOUND('',#1918,.T.);
#2098=FACE_BOUND('',#1919,.T.);
#2099=FACE_BOUND('',#1920,.T.);
#2100=FACE_BOUND('',#1921,.T.);
#2101=FACE_BOUND('',#1922,.T.);
#2102=FACE_BOUND('',#1923,.T.);
#2103=FACE_BOUND('',#1924,.T.);
#2104=FACE_BOUND('',#1925,.T.);
#2105=FACE_BOUND('',#1926,.T.);
#2106=FACE_BOUND('',#1927,.T.);
#2107=FACE_BOUND('',#1928,.T.);
#2108=FACE_BOUND('',#1929,.T.);
#2109=FACE_BOUND('',#1930,.T.);
#2110=FACE_BOUND('',#1931,.T.);
#2111=FACE_BOUND('',#1932,.T.);
#2112=FACE_BOUND('',#1933,.T.);
#2113=FACE_BOUND('',#1934,.T.);
#2114=FACE_BOUND('',#1935,.T.);
#2115=FACE_BOUND('',#1936,.T.);
#2116=FACE_BOUND('',#1937,.T.);
#2117=FACE_BOUND('',#1938,.T.);
#2118=FACE_BOUND('',#1939,.T.);
#2119=FACE_BOUND('',#1940,.T.);
#2120=FACE_BOUND('',#1941,.T.);
#2121=FACE_BOUND('',#1942,.T.);
#2122=FACE_BOUND('',#1943,.T.);
#2123=FACE_BOUND('',#1944,.T.);
#2124=FACE_BOUND('',#1945,.T.);
#2125=FACE_BOUND('',#1946,.T.);
#2126=FACE_BOUND('',#1947,.T.);
#2127=FACE_BOUND('',#1948,.T.);
#2128=FACE_BOUND('',#1949,.T.);
#2129=FACE_BOUND('',#1950,.T.);
#2130=FACE_BOUND('',#1951,.T.);
#2131=FACE_BOUND('',#1952,.T.);
#2132=FACE_BOUND('',#1953,.T.);
#2133=FACE_BOUND('',#1954,.T.);
#2134=FACE_BOUND('',#1955,.T.);
#2135=FACE_BOUND('',#1956,.T.);
#2136=FACE_BOUND('',#1957,.T.);
#2137=FACE_BOUND('',#1958,.T.);
#2138=FACE_BOUND('',#1959,.T.);
#2139=FACE_BOUND('',#1960,.T.);
#2140=FACE_BOUND('',#1961,.T.);
#2141=FACE_BOUND('',#1962,.T.);
#2142=FACE_BOUND('',#1963,.T.);
#2143=FACE_BOUND('',#1964,.T.);
#2144=FACE_BOUND('',#1965,.T.);
#2145=FACE_BOUND('',#1966,.T.);
#2146=FACE_BOUND('',#1967,.T.);
#2147=FACE_BOUND('',#1968,.T.);
#2148=FACE_BOUND('',#1969,.T.);
#2149=FACE_BOUND('',#1970,.T.);
#2150=FACE_BOUND('',#1971,.T.);
#2151=FACE_BOUND('',#1972,.T.);
#2152=FACE_BOUND('',#1973,.T.);
#2153=FACE_BOUND('',#1974,.T.);
#2154=FACE_BOUND('',#1975,.T.);
#2155=FACE_BOUND('',#1976,.T.);
#2156=FACE_BOUND('',#1977,.T.);
#2157=FACE_BOUND('',#1978,.T.);
#2158=FACE_BOUND('',#1979,.T.);
#2159=FACE_BOUND('',#1980,.T.);
#2160=FACE_BOUND('',#1981,.T.);
#2161=FACE_BOUND('',#1982,.T.);
#2162=FACE_BOUND('',#1983,.T.);
#2163=FACE_BOUND('',#1984,.T.);
#2164=FACE_BOUND('',#1985,.T.);
#2165=FACE_BOUND('',#1986,.T.);
#2166=FACE_BOUND('',#1987,.T.);
#2167=FACE_BOUND('',#1988,.T.);
#2168=FACE_BOUND('',#1989,.T.);
#2169=FACE_BOUND('',#1990,.T.);
#2170=FACE_BOUND('',#1991,.T.);
#2171=FACE_BOUND('',#1992,.T.);
#2172=FACE_BOUND('',#1993,.T.);
#2173=FACE_BOUND('',#1994,.T.);
#2174=FACE_BOUND('',#1995,.T.);
#2175=FACE_BOUND('',#1996,.T.);
#2176=FACE_BOUND('',#1997,.T.);
#2177=FACE_BOUND('',#1998,.T.);
#2178=FACE_BOUND('',#1999,.T.);
#2179=FACE_BOUND('',#2000,.T.);
#2180=FACE_BOUND('',#2001,.T.);
#2181=FACE_BOUND('',#2002,.T.);
#2182=FACE_BOUND('',#2003,.T.);
#2183=FACE_BOUND('',#2004,.T.);
#2184=FACE_BOUND('',#2005,.T.);
#2185=FACE_BOUND('',#2006,.T.);
#2186=FACE_BOUND('',#2007,.T.);
#2187=FACE_BOUND('',#2008,.T.);
#2188=FACE_BOUND('',#2009,.T.);
#2189=FACE_BOUND('',#2010,.T.);
#2190=FACE_BOUND('',#2011,.T.);
#2191=FACE_BOUND('',#2012,.T.);
#2192=FACE_BOUND('',#2013,.T.);
#2193=FACE_BOUND('',#2014,.T.);
#2194=FACE_BOUND('',#2015,.T.);
#2195=FACE_BOUND('',#2016,.T.);
#2196=FACE_BOUND('',#2017,.T.);
#2197=FACE_BOUND('',#2018,.T.);
#2198=FACE_BOUND('',#2019,.T.);
#2199=FACE_BOUND('',#2020,.T.);
#2200=FACE_BOUND('',#2021,.T.);
#2201=FACE_BOUND('',#2022,.T.);
#2202=FACE_BOUND('',#2023,.T.);
#2203=FACE_BOUND('',#2024,.T.);
#2204=FACE_BOUND('',#2025,.T.);
#2205=FACE_BOUND('',#2026,.T.);
#2206=FACE_BOUND('',#2027,.T.);
#2207=FACE_BOUND('',#2028,.T.);
#2208=FACE_BOUND('',#2029,.T.);
#2209=FACE_BOUND('',#2030,.T.);
#2210=FACE_BOUND('',#2031,.T.);
#2211=FACE_BOUND('',#2032,.T.);
#2212=FACE_BOUND('',#2033,.T.);
#2213=FACE_BOUND('',#2034,.T.);
#2214=FACE_BOUND('',#2035,.T.);
#2215=FACE_BOUND('',#2036,.T.);
#2216=FACE_BOUND('',#2037,.T.);
#2217=FACE_BOUND('',#2038,.T.);
#2218=FACE_BOUND('',#2039,.T.);
#2219=CYLINDRICAL_SURFACE('',#2408,3.17500000000002);
#2220=CYLINDRICAL_SURFACE('',#2434,0.190000000000005);
#2221=CYLINDRICAL_SURFACE('',#2436,0.190000000000005);
#2222=CYLINDRICAL_SURFACE('',#2440,1.575);
#2223=CYLINDRICAL_SURFACE('',#2450,0.509999999994813);
#2224=CYLINDRICAL_SURFACE('',#2452,0.38);
#2225=CYLINDRICAL_SURFACE('',#2454,0.509999999994825);
#2226=CYLINDRICAL_SURFACE('',#2463,1.96999999999999);
#2227=CYLINDRICAL_SURFACE('',#2467,0.35);
#2228=CYLINDRICAL_SURFACE('',#2471,0.35);
#2229=CYLINDRICAL_SURFACE('',#2476,0.74999999999996);
#2230=CYLINDRICAL_SURFACE('',#2477,2.35);
#2231=CYLINDRICAL_SURFACE('',#2480,0.75);
#2232=CYLINDRICAL_SURFACE('',#2486,0.74999999999996);
#2233=CYLINDRICAL_SURFACE('',#2489,0.75);
#2234=CYLINDRICAL_SURFACE('',#2490,2.35000000000001);
#2235=CYLINDRICAL_SURFACE('',#2508,5.075);
#2236=CYLINDRICAL_SURFACE('',#2554,1.52499999999594);
#2237=CYLINDRICAL_SURFACE('',#2559,1.52499999999766);
#2238=CYLINDRICAL_SURFACE('',#2566,1.52499999999593);
#2239=CYLINDRICAL_SURFACE('',#2570,1.52499999999767);
#2240=CYLINDRICAL_SURFACE('',#2575,0.255);
#2241=CYLINDRICAL_SURFACE('',#2577,0.255);
#2242=CYLINDRICAL_SURFACE('',#2590,2.35000000000004);
#2243=CYLINDRICAL_SURFACE('',#2592,5.30000000000003);
#2244=CYLINDRICAL_SURFACE('',#2597,5.30000000000003);
#2245=CYLINDRICAL_SURFACE('',#2602,5.30000000000003);
#2246=CYLINDRICAL_SURFACE('',#2607,5.30000000000003);
#2247=CYLINDRICAL_SURFACE('',#2617,5.30000000000003);
#2248=CYLINDRICAL_SURFACE('',#2619,5.30000000000003);
#2249=CYLINDRICAL_SURFACE('',#2643,4.02500000000003);
#2250=CYLINDRICAL_SURFACE('',#2647,3.17500000000002);
#2251=ADVANCED_FACE('',(#2040,#2041),#2219,.T.);
#2252=ADVANCED_FACE('',(#2042),#513,.T.);
#2253=ADVANCED_FACE('',(#2043),#514,.T.);
#2254=ADVANCED_FACE('',(#2044),#515,.T.);
#2255=ADVANCED_FACE('',(#2045),#516,.T.);
#2256=ADVANCED_FACE('',(#2046),#517,.T.);
#2257=ADVANCED_FACE('',(#2047),#518,.T.);
#2258=ADVANCED_FACE('',(#2048,#2049),#360,.F.);
#2259=ADVANCED_FACE('',(#2050),#361,.T.);
#2260=ADVANCED_FACE('',(#2051),#362,.T.);
#2261=ADVANCED_FACE('',(#2052),#363,.T.);
#2262=ADVANCED_FACE('',(#2053),#364,.T.);
#2263=ADVANCED_FACE('',(#2054),#365,.T.);
#2264=ADVANCED_FACE('',(#2055),#366,.T.);
#2265=ADVANCED_FACE('',(#2056),#26,.T.);
#2266=ADVANCED_FACE('',(#2057),#27,.T.);
#2267=ADVANCED_FACE('',(#2058,#2059),#2220,.T.);
#2268=ADVANCED_FACE('',(#2060,#2061),#2221,.T.);
#2269=ADVANCED_FACE('',(#2062,#2063,#2064),#367,.F.);
#2270=ADVANCED_FACE('',(#2065,#2066),#2222,.F.);
#2271=ADVANCED_FACE('',(#2067),#519,.F.);
#2272=ADVANCED_FACE('',(#2068),#368,.F.);
#2273=ADVANCED_FACE('',(#2069),#369,.F.);
#2274=ADVANCED_FACE('',(#2070),#2223,.T.);
#2275=ADVANCED_FACE('',(#2071),#370,.F.);
#2276=ADVANCED_FACE('',(#2072),#2224,.F.);
#2277=ADVANCED_FACE('',(#2073),#371,.F.);
#2278=ADVANCED_FACE('',(#2074),#2225,.T.);
#2279=ADVANCED_FACE('',(#2075),#372,.F.);
#2280=ADVANCED_FACE('',(#2076),#373,.F.);
#2281=ADVANCED_FACE('',(#2077),#374,.F.);
#2282=ADVANCED_FACE('',(#2078,#2079),#520,.T.);
#2283=ADVANCED_FACE('',(#2080,#2081),#2226,.T.);
#2284=ADVANCED_FACE('',(#2082,#2083),#521,.T.);
#2285=ADVANCED_FACE('',(#2084,#2085),#2227,.T.);
#2286=ADVANCED_FACE('',(#2086,#2087),#375,.F.);
#2287=ADVANCED_FACE('',(#2088,#2089),#2228,.T.);
#2288=ADVANCED_FACE('',(#2090,#2091),#376,.T.);
#2289=ADVANCED_FACE('',(#2092),#2229,.F.);
#2290=ADVANCED_FACE('',(#2093,#2094),#2230,.T.);
#2291=ADVANCED_FACE('',(#2095),#2231,.F.);
#2292=ADVANCED_FACE('',(#2096,#2097),#377,.T.);
#2293=ADVANCED_FACE('',(#2098),#20,.F.);
#2294=ADVANCED_FACE('',(#2099),#2232,.F.);
#2295=ADVANCED_FACE('',(#2100),#21,.F.);
#2296=ADVANCED_FACE('',(#2101),#2233,.F.);
#2297=ADVANCED_FACE('',(#2102,#2103),#2234,.T.);
#2298=ADVANCED_FACE('',(#2104),#522,.T.);
#2299=ADVANCED_FACE('',(#2105),#523,.T.);
#2300=ADVANCED_FACE('',(#2106),#524,.T.);
#2301=ADVANCED_FACE('',(#2107),#525,.T.);
#2302=ADVANCED_FACE('',(#2108),#526,.T.);
#2303=ADVANCED_FACE('',(#2109,#2110),#378,.F.);
#2304=ADVANCED_FACE('',(#2111),#527,.T.);
#2305=ADVANCED_FACE('',(#2112,#2113),#379,.F.);
#2306=ADVANCED_FACE('',(#2114,#2115),#2235,.T.);
#2307=ADVANCED_FACE('',(#2116,#2117),#380,.F.);
#2308=ADVANCED_FACE('',(#2118),#381,.F.);
#2309=ADVANCED_FACE('',(#2119),#382,.F.);
#2310=ADVANCED_FACE('',(#2120),#383,.F.);
#2311=ADVANCED_FACE('',(#2121),#384,.F.);
#2312=ADVANCED_FACE('',(#2122),#385,.F.);
#2313=ADVANCED_FACE('',(#2123),#386,.F.);
#2314=ADVANCED_FACE('',(#2124),#387,.F.);
#2315=ADVANCED_FACE('',(#2125),#388,.F.);
#2316=ADVANCED_FACE('',(#2126),#389,.F.);
#2317=ADVANCED_FACE('',(#2127),#390,.T.);
#2318=ADVANCED_FACE('',(#2128),#391,.F.);
#2319=ADVANCED_FACE('',(#2129),#392,.T.);
#2320=ADVANCED_FACE('',(#2130),#393,.F.);
#2321=ADVANCED_FACE('',(#2131),#394,.T.);
#2322=ADVANCED_FACE('',(#2132),#395,.F.);
#2323=ADVANCED_FACE('',(#2133),#396,.T.);
#2324=ADVANCED_FACE('',(#2134),#397,.F.);
#2325=ADVANCED_FACE('',(#2135),#398,.T.);
#2326=ADVANCED_FACE('',(#2136),#399,.F.);
#2327=ADVANCED_FACE('',(#2137),#400,.T.);
#2328=ADVANCED_FACE('',(#2138),#401,.F.);
#2329=ADVANCED_FACE('',(#2139),#402,.T.);
#2330=ADVANCED_FACE('',(#2140),#403,.F.);
#2331=ADVANCED_FACE('',(#2141),#404,.T.);
#2332=ADVANCED_FACE('',(#2142),#405,.T.);
#2333=ADVANCED_FACE('',(#2143),#406,.T.);
#2334=ADVANCED_FACE('',(#2144),#407,.F.);
#2335=ADVANCED_FACE('',(#2145),#408,.F.);
#2336=ADVANCED_FACE('',(#2146),#409,.F.);
#2337=ADVANCED_FACE('',(#2147),#2236,.F.);
#2338=ADVANCED_FACE('',(#2148),#410,.F.);
#2339=ADVANCED_FACE('',(#2149),#411,.F.);
#2340=ADVANCED_FACE('',(#2150),#412,.F.);
#2341=ADVANCED_FACE('',(#2151),#2237,.F.);
#2342=ADVANCED_FACE('',(#2152),#413,.F.);
#2343=ADVANCED_FACE('',(#2153),#414,.F.);
#2344=ADVANCED_FACE('',(#2154),#415,.F.);
#2345=ADVANCED_FACE('',(#2155),#416,.F.);
#2346=ADVANCED_FACE('',(#2156),#417,.F.);
#2347=ADVANCED_FACE('',(#2157),#2238,.F.);
#2348=ADVANCED_FACE('',(#2158),#418,.F.);
#2349=ADVANCED_FACE('',(#2159),#419,.F.);
#2350=ADVANCED_FACE('',(#2160),#2239,.F.);
#2351=ADVANCED_FACE('',(#2161),#420,.F.);
#2352=ADVANCED_FACE('',(#2162),#421,.F.);
#2353=ADVANCED_FACE('',(#2163),#422,.F.);
#2354=ADVANCED_FACE('',(#2164,#2165),#2240,.T.);
#2355=ADVANCED_FACE('',(#2166,#2167),#2241,.T.);
#2356=ADVANCED_FACE('',(#2168),#423,.T.);
#2357=ADVANCED_FACE('',(#2169,#2170,#2171,#2172,#2173,#2174,#2175),#424,
 .T.);
#2358=ADVANCED_FACE('',(#2176),#425,.T.);
#2359=ADVANCED_FACE('',(#2177),#426,.T.);
#2360=ADVANCED_FACE('',(#2178),#427,.F.);
#2361=ADVANCED_FACE('',(#2179),#428,.T.);
#2362=ADVANCED_FACE('',(#2180),#429,.T.);
#2363=ADVANCED_FACE('',(#2181),#430,.T.);
#2364=ADVANCED_FACE('',(#2182),#431,.T.);
#2365=ADVANCED_FACE('',(#2183,#2184),#2242,.T.);
#2366=ADVANCED_FACE('',(#2185),#2243,.T.);
#2367=ADVANCED_FACE('',(#2186),#528,.T.);
#2368=ADVANCED_FACE('',(#2187),#2244,.T.);
#2369=ADVANCED_FACE('',(#2188),#529,.T.);
#2370=ADVANCED_FACE('',(#2189),#2245,.T.);
#2371=ADVANCED_FACE('',(#2190),#530,.T.);
#2372=ADVANCED_FACE('',(#2191),#2246,.T.);
#2373=ADVANCED_FACE('',(#2192),#531,.T.);
#2374=ADVANCED_FACE('',(#2193,#2194),#432,.F.);
#2375=ADVANCED_FACE('',(#2195),#532,.T.);
#2376=ADVANCED_FACE('',(#2196),#2247,.T.);
#2377=ADVANCED_FACE('',(#2197),#2248,.T.);
#2378=ADVANCED_FACE('',(#2198),#533,.T.);
#2379=ADVANCED_FACE('',(#2199),#534,.T.);
#2380=ADVANCED_FACE('',(#2200),#433,.T.);
#2381=ADVANCED_FACE('',(#2201),#535,.T.);
#2382=ADVANCED_FACE('',(#2202),#434,.T.);
#2383=ADVANCED_FACE('',(#2203),#536,.T.);
#2384=ADVANCED_FACE('',(#2204),#435,.T.);
#2385=ADVANCED_FACE('',(#2205),#537,.T.);
#2386=ADVANCED_FACE('',(#2206),#436,.T.);
#2387=ADVANCED_FACE('',(#2207),#538,.T.);
#2388=ADVANCED_FACE('',(#2208),#437,.T.);
#2389=ADVANCED_FACE('',(#2209),#539,.T.);
#2390=ADVANCED_FACE('',(#2210),#438,.T.);
#2391=ADVANCED_FACE('',(#2211,#2212),#439,.F.);
#2392=ADVANCED_FACE('',(#2213,#2214),#2249,.F.);
#2393=ADVANCED_FACE('',(#2215,#2216),#440,.F.);
#2394=ADVANCED_FACE('',(#2217,#2218),#2250,.T.);
#2395=CLOSED_SHELL('',(#2251,#2252,#2253,#2254,#2255,#2256,#2257,#2258,
#2259,#2260,#2261,#2262,#2263,#2264,#2265,#2266,#2267,#2268,#2269,#2270,
#2271,#2272,#2273,#2274,#2275,#2276,#2277,#2278,#2279,#2280,#2281,#2282,
#2283,#2284,#2285,#2286,#2287,#2288,#2289,#2290,#2291,#2292,#2293,#2294,
#2295,#2296,#2297,#2298,#2299,#2300,#2301,#2302,#2303,#2304,#2305,#2306,
#2307,#2308,#2309,#2310,#2311,#2312,#2313,#2314,#2315,#2316,#2317,#2318,
#2319,#2320,#2321,#2322,#2323,#2324,#2325,#2326,#2327,#2328,#2329,#2330,
#2331,#2332,#2333,#2334,#2335,#2336,#2337,#2338,#2339,#2340,#2341,#2342,
#2343,#2344,#2345,#2346,#2347,#2348,#2349,#2350,#2351,#2352,#2353,#2354,
#2355,#2356,#2357,#2358,#2359,#2360,#2361,#2362,#2363,#2364,#2365,#2366,
#2367,#2368,#2369,#2370,#2371,#2372,#2373,#2374,#2375,#2376,#2377,#2378,
#2379,#2380,#2381,#2382,#2383,#2384,#2385,#2386,#2387,#2388,#2389,#2390,
#2391,#2392,#2393,#2394));
#2396=STYLED_ITEM('',(#2397),#2404);
#2397=PRESENTATION_STYLE_ASSIGNMENT((#2398));
#2398=SURFACE_STYLE_USAGE(.BOTH.,#2399);
#2399=SURFACE_SIDE_STYLE('',(#2400));
#2400=SURFACE_STYLE_FILL_AREA(#2401);
#2401=FILL_AREA_STYLE('',(#2402));
#2402=FILL_AREA_STYLE_COLOUR('',#2403);
#2403=DRAUGHTING_PRE_DEFINED_COLOUR('yellow');
#2404=MANIFOLD_SOLID_BREP('CJT-T-P-HH-RA-BH1',#2395);
#2405=SHAPE_DEFINITION_REPRESENTATION(#4230,#2406);
#2406=SHAPE_REPRESENTATION('CJT-T-P-HH-RA-BH1',(#2407),#4225);
#2407=AXIS2_PLACEMENT_3D('',#3296,#2648,#2649);
#2408=AXIS2_PLACEMENT_3D('',#3297,#2650,#2651);
#2409=AXIS2_PLACEMENT_3D('',#3298,#2652,#2653);
#2410=AXIS2_PLACEMENT_3D('',#3300,#2654,#2655);
#2411=AXIS2_PLACEMENT_3D('',#3302,#2656,#2657);
#2412=AXIS2_PLACEMENT_3D('',#3314,#2658,#2659);
#2413=AXIS2_PLACEMENT_3D('',#3315,#2660,#2661);
#2414=AXIS2_PLACEMENT_3D('',#3321,#2662,#2663);
#2415=AXIS2_PLACEMENT_3D('',#3327,#2664,#2665);
#2416=AXIS2_PLACEMENT_3D('',#3333,#2666,#2667);
#2417=AXIS2_PLACEMENT_3D('',#3339,#2668,#2669);
#2418=AXIS2_PLACEMENT_3D('',#3350,#2670,#2671);
#2419=AXIS2_PLACEMENT_3D('',#3351,#2672,#2673);
#2420=AXIS2_PLACEMENT_3D('',#3357,#2674,#2675);
#2421=AXIS2_PLACEMENT_3D('',#3363,#2676,#2677);
#2422=AXIS2_PLACEMENT_3D('',#3373,#2678,#2679);
#2423=AXIS2_PLACEMENT_3D('',#3374,#2680,#2681);
#2424=AXIS2_PLACEMENT_3D('',#3375,#2682,#2683);
#2425=AXIS2_PLACEMENT_3D('',#3389,#2686,#2687);
#2426=AXIS2_PLACEMENT_3D('',#3401,#2689,#2690);
#2427=AXIS2_PLACEMENT_3D('',#3413,#2692,#2693);
#2428=AXIS2_PLACEMENT_3D('',#3425,#2695,#2696);
#2429=AXIS2_PLACEMENT_3D('',#3437,#2698,#2699);
#2430=AXIS2_PLACEMENT_3D('',#3447,#2700,#2701);
#2431=AXIS2_PLACEMENT_3D('',#3448,#2702,#2703);
#2432=AXIS2_PLACEMENT_3D('',#3450,#2704,#2705);
#2433=AXIS2_PLACEMENT_3D('',#3451,#2706,#2707);
#2434=AXIS2_PLACEMENT_3D('',#3453,#2708,#2709);
#2435=AXIS2_PLACEMENT_3D('',#3454,#2710,#2711);
#2436=AXIS2_PLACEMENT_3D('',#3456,#2712,#2713);
#2437=AXIS2_PLACEMENT_3D('',#3457,#2714,#2715);
#2438=AXIS2_PLACEMENT_3D('',#3459,#2716,#2717);
#2439=AXIS2_PLACEMENT_3D('',#3460,#2718,#2719);
#2440=AXIS2_PLACEMENT_3D('',#3462,#2720,#2721);
#2441=AXIS2_PLACEMENT_3D('',#3469,#2722,#2723);
#2442=AXIS2_PLACEMENT_3D('',#3485,#2726,#2727);
#2443=AXIS2_PLACEMENT_3D('',#3491,#2728,#2729);
#2444=AXIS2_PLACEMENT_3D('',#3493,#2730,#2731);
#2445=AXIS2_PLACEMENT_3D('',#3495,#2732,#2733);
#2446=AXIS2_PLACEMENT_3D('',#3501,#2734,#2735);
#2447=AXIS2_PLACEMENT_3D('',#3502,#2736,#2737);
#2448=AXIS2_PLACEMENT_3D('',#3504,#2738,#2739);
#2449=AXIS2_PLACEMENT_3D('',#3509,#2742,#2743);
#2450=AXIS2_PLACEMENT_3D('',#3510,#2744,#2745);
#2451=AXIS2_PLACEMENT_3D('',#3517,#2747,#2748);
#2452=AXIS2_PLACEMENT_3D('',#3521,#2751,#2752);
#2453=AXIS2_PLACEMENT_3D('',#3529,#2754,#2755);
#2454=AXIS2_PLACEMENT_3D('',#3533,#2758,#2759);
#2455=AXIS2_PLACEMENT_3D('',#3540,#2761,#2762);
#2456=AXIS2_PLACEMENT_3D('',#3543,#2764,#2765);
#2457=AXIS2_PLACEMENT_3D('',#3544,#2766,#2767);
#2458=AXIS2_PLACEMENT_3D('',#3545,#2768,#2769);
#2459=AXIS2_PLACEMENT_3D('',#3546,#2770,#2771);
#2460=AXIS2_PLACEMENT_3D('',#3547,#2772,#2773);
#2461=AXIS2_PLACEMENT_3D('',#3549,#2774,#2775);
#2462=AXIS2_PLACEMENT_3D('',#3550,#2776,#2777);
#2463=AXIS2_PLACEMENT_3D('',#3552,#2778,#2779);
#2464=AXIS2_PLACEMENT_3D('',#3553,#2780,#2781);
#2465=AXIS2_PLACEMENT_3D('',#3555,#2782,#2783);
#2466=AXIS2_PLACEMENT_3D('',#3556,#2784,#2785);
#2467=AXIS2_PLACEMENT_3D('',#3558,#2786,#2787);
#2468=AXIS2_PLACEMENT_3D('',#3559,#2788,#2789);
#2469=AXIS2_PLACEMENT_3D('',#3561,#2790,#2791);
#2470=AXIS2_PLACEMENT_3D('',#3562,#2792,#2793);
#2471=AXIS2_PLACEMENT_3D('',#3564,#2794,#2795);
#2472=AXIS2_PLACEMENT_3D('',#3565,#2796,#2797);
#2473=AXIS2_PLACEMENT_3D('',#3567,#2798,#2799);
#2474=AXIS2_PLACEMENT_3D('',#3574,#2800,#2801);
#2475=AXIS2_PLACEMENT_3D('',#3581,#2802,#2803);
#2476=AXIS2_PLACEMENT_3D('',#3582,#2804,#2805);
#2477=AXIS2_PLACEMENT_3D('',#3598,#2806,#2807);
#2478=AXIS2_PLACEMENT_3D('',#3606,#2808,#2809);
#2479=AXIS2_PLACEMENT_3D('',#3607,#2810,#2811);
#2480=AXIS2_PLACEMENT_3D('',#3608,#2812,#2813);
#2481=AXIS2_PLACEMENT_3D('',#3614,#2814,#2815);
#2482=AXIS2_PLACEMENT_3D('',#3620,#2816,#2817);
#2483=AXIS2_PLACEMENT_3D('',#3626,#2818,#2819);
#2484=AXIS2_PLACEMENT_3D('',#3632,#2820,#2821);
#2485=AXIS2_PLACEMENT_3D('',#3638,#2822,#2823);
#2486=AXIS2_PLACEMENT_3D('',#3644,#2824,#2825);
#2487=AXIS2_PLACEMENT_3D('',#3655,#2826,#2827);
#2488=AXIS2_PLACEMENT_3D('',#3656,#2828,#2829);
#2489=AXIS2_PLACEMENT_3D('',#3662,#2830,#2831);
#2490=AXIS2_PLACEMENT_3D('',#3668,#2832,#2833);
#2491=AXIS2_PLACEMENT_3D('',#3669,#2834,#2835);
#2492=AXIS2_PLACEMENT_3D('',#3671,#2836,#2837);
#2493=AXIS2_PLACEMENT_3D('',#3672,#2838,#2839);
#2494=AXIS2_PLACEMENT_3D('',#3673,#2840,#2841);
#2495=AXIS2_PLACEMENT_3D('',#3674,#2842,#2843);
#2496=AXIS2_PLACEMENT_3D('',#3675,#2844,#2845);
#2497=AXIS2_PLACEMENT_3D('',#3676,#2846,#2847);
#2498=AXIS2_PLACEMENT_3D('',#3677,#2848,#2849);
#2499=AXIS2_PLACEMENT_3D('',#3678,#2850,#2851);
#2500=AXIS2_PLACEMENT_3D('',#3679,#2852,#2853);
#2501=AXIS2_PLACEMENT_3D('',#3680,#2854,#2855);
#2502=AXIS2_PLACEMENT_3D('',#3681,#2856,#2857);
#2503=AXIS2_PLACEMENT_3D('',#3682,#2858,#2859);
#2504=AXIS2_PLACEMENT_3D('',#3683,#2860,#2861);
#2505=AXIS2_PLACEMENT_3D('',#3684,#2862,#2863);
#2506=AXIS2_PLACEMENT_3D('',#3685,#2864,#2865);
#2507=AXIS2_PLACEMENT_3D('',#3687,#2866,#2867);
#2508=AXIS2_PLACEMENT_3D('',#3689,#2868,#2869);
#2509=AXIS2_PLACEMENT_3D('',#3690,#2870,#2871);
#2510=AXIS2_PLACEMENT_3D('',#3692,#2872,#2873);
#2511=AXIS2_PLACEMENT_3D('',#3693,#2874,#2875);
#2512=AXIS2_PLACEMENT_3D('',#3702,#2880,#2881);
#2513=AXIS2_PLACEMENT_3D('',#3708,#2885,#2886);
#2514=AXIS2_PLACEMENT_3D('',#3717,#2891,#2892);
#2515=AXIS2_PLACEMENT_3D('',#3723,#2896,#2897);
#2516=AXIS2_PLACEMENT_3D('',#3732,#2902,#2903);
#2517=AXIS2_PLACEMENT_3D('',#3738,#2907,#2908);
#2518=AXIS2_PLACEMENT_3D('',#3747,#2913,#2914);
#2519=AXIS2_PLACEMENT_3D('',#3753,#2918,#2919);
#2520=AXIS2_PLACEMENT_3D('',#3759,#2923,#2924);
#2521=AXIS2_PLACEMENT_3D('',#3762,#2926,#2927);
#2522=AXIS2_PLACEMENT_3D('',#3763,#2928,#2929);
#2523=AXIS2_PLACEMENT_3D('',#3767,#2932,#2933);
#2524=AXIS2_PLACEMENT_3D('',#3777,#2938,#2939);
#2525=AXIS2_PLACEMENT_3D('',#3778,#2940,#2941);
#2526=AXIS2_PLACEMENT_3D('',#3779,#2942,#2943);
#2527=AXIS2_PLACEMENT_3D('',#3785,#2947,#2948);
#2528=AXIS2_PLACEMENT_3D('',#3786,#2949,#2950);
#2529=AXIS2_PLACEMENT_3D('',#3789,#2952,#2953);
#2530=AXIS2_PLACEMENT_3D('',#3793,#2956,#2957);
#2531=AXIS2_PLACEMENT_3D('',#3803,#2962,#2963);
#2532=AXIS2_PLACEMENT_3D('',#3804,#2964,#2965);
#2533=AXIS2_PLACEMENT_3D('',#3805,#2966,#2967);
#2534=AXIS2_PLACEMENT_3D('',#3811,#2971,#2972);
#2535=AXIS2_PLACEMENT_3D('',#3814,#2974,#2975);
#2536=AXIS2_PLACEMENT_3D('',#3815,#2976,#2977);
#2537=AXIS2_PLACEMENT_3D('',#3819,#2980,#2981);
#2538=AXIS2_PLACEMENT_3D('',#3829,#2986,#2987);
#2539=AXIS2_PLACEMENT_3D('',#3830,#2988,#2989);
#2540=AXIS2_PLACEMENT_3D('',#3831,#2990,#2991);
#2541=AXIS2_PLACEMENT_3D('',#3837,#2995,#2996);
#2542=AXIS2_PLACEMENT_3D('',#3838,#2997,#2998);
#2543=AXIS2_PLACEMENT_3D('',#3841,#3000,#3001);
#2544=AXIS2_PLACEMENT_3D('',#3845,#3004,#3005);
#2545=AXIS2_PLACEMENT_3D('',#3855,#3010,#3011);
#2546=AXIS2_PLACEMENT_3D('',#3856,#3012,#3013);
#2547=AXIS2_PLACEMENT_3D('',#3857,#3014,#3015);
#2548=AXIS2_PLACEMENT_3D('',#3858,#3016,#3017);
#2549=AXIS2_PLACEMENT_3D('',#3860,#3018,#3019);
#2550=AXIS2_PLACEMENT_3D('',#3861,#3020,#3021);
#2551=AXIS2_PLACEMENT_3D('',#3863,#3022,#3023);
#2552=AXIS2_PLACEMENT_3D('',#3869,#3027,#3028);
#2553=AXIS2_PLACEMENT_3D('',#3873,#3031,#3032);
#2554=AXIS2_PLACEMENT_3D('',#3877,#3035,#3036);
#2555=AXIS2_PLACEMENT_3D('',#3878,#3037,#3038);
#2556=AXIS2_PLACEMENT_3D('',#3881,#3040,#3041);
#2557=AXIS2_PLACEMENT_3D('',#3883,#3043,#3044);
#2558=AXIS2_PLACEMENT_3D('',#3889,#3048,#3049);
#2559=AXIS2_PLACEMENT_3D('',#3893,#3052,#3053);
#2560=AXIS2_PLACEMENT_3D('',#3894,#3054,#3055);
#2561=AXIS2_PLACEMENT_3D('',#3897,#3057,#3058);
#2562=AXIS2_PLACEMENT_3D('',#3901,#3061,#3062);
#2563=AXIS2_PLACEMENT_3D('',#3903,#3064,#3065);
#2564=AXIS2_PLACEMENT_3D('',#3909,#3069,#3070);
#2565=AXIS2_PLACEMENT_3D('',#3913,#3073,#3074);
#2566=AXIS2_PLACEMENT_3D('',#3917,#3077,#3078);
#2567=AXIS2_PLACEMENT_3D('',#3918,#3079,#3080);
#2568=AXIS2_PLACEMENT_3D('',#3921,#3082,#3083);
#2569=AXIS2_PLACEMENT_3D('',#3923,#3085,#3086);
#2570=AXIS2_PLACEMENT_3D('',#3929,#3090,#3091);
#2571=AXIS2_PLACEMENT_3D('',#3930,#3092,#3093);
#2572=AXIS2_PLACEMENT_3D('',#3933,#3095,#3096);
#2573=AXIS2_PLACEMENT_3D('',#3937,#3099,#3100);
#2574=AXIS2_PLACEMENT_3D('',#3941,#3103,#3104);
#2575=AXIS2_PLACEMENT_3D('',#3943,#3106,#3107);
#2576=AXIS2_PLACEMENT_3D('',#3944,#3108,#3109);
#2577=AXIS2_PLACEMENT_3D('',#3946,#3110,#3111);
#2578=AXIS2_PLACEMENT_3D('',#3947,#3112,#3113);
#2579=AXIS2_PLACEMENT_3D('',#3949,#3114,#3115);
#2580=AXIS2_PLACEMENT_3D('',#3958,#3120,#3121);
#2581=AXIS2_PLACEMENT_3D('',#3964,#3125,#3126);
#2582=AXIS2_PLACEMENT_3D('',#3970,#3130,#3131);
#2583=AXIS2_PLACEMENT_3D('',#3976,#3135,#3136);
#2584=AXIS2_PLACEMENT_3D('',#3982,#3140,#3141);
#2585=AXIS2_PLACEMENT_3D('',#3986,#3144,#3145);
#2586=AXIS2_PLACEMENT_3D('',#3990,#3148,#3149);
#2587=AXIS2_PLACEMENT_3D('',#3991,#3150,#3151);
#2588=AXIS2_PLACEMENT_3D('',#3992,#3152,#3153);
#2589=AXIS2_PLACEMENT_3D('',#3993,#3154,#3155);
#2590=AXIS2_PLACEMENT_3D('',#3994,#3156,#3157);
#2591=AXIS2_PLACEMENT_3D('',#3995,#3158,#3159);
#2592=AXIS2_PLACEMENT_3D('',#3997,#3160,#3161);
#2593=AXIS2_PLACEMENT_3D('',#4001,#3163,#3164);
#2594=AXIS2_PLACEMENT_3D('',#4005,#3166,#3167);
#2595=AXIS2_PLACEMENT_3D('',#4006,#3168,#3169);
#2596=AXIS2_PLACEMENT_3D('',#4017,#3170,#3171);
#2597=AXIS2_PLACEMENT_3D('',#4018,#3172,#3173);
#2598=AXIS2_PLACEMENT_3D('',#4022,#3175,#3176);
#2599=AXIS2_PLACEMENT_3D('',#4026,#3178,#3179);
#2600=AXIS2_PLACEMENT_3D('',#4027,#3180,#3181);
#2601=AXIS2_PLACEMENT_3D('',#4038,#3182,#3183);
#2602=AXIS2_PLACEMENT_3D('',#4039,#3184,#3185);
#2603=AXIS2_PLACEMENT_3D('',#4043,#3187,#3188);
#2604=AXIS2_PLACEMENT_3D('',#4047,#3190,#3191);
#2605=AXIS2_PLACEMENT_3D('',#4048,#3192,#3193);
#2606=AXIS2_PLACEMENT_3D('',#4059,#3194,#3195);
#2607=AXIS2_PLACEMENT_3D('',#4060,#3196,#3197);
#2608=AXIS2_PLACEMENT_3D('',#4064,#3199,#3200);
#2609=AXIS2_PLACEMENT_3D('',#4068,#3202,#3203);
#2610=AXIS2_PLACEMENT_3D('',#4069,#3204,#3205);
#2611=AXIS2_PLACEMENT_3D('',#4080,#3206,#3207);
#2612=AXIS2_PLACEMENT_3D('',#4081,#3208,#3209);
#2613=AXIS2_PLACEMENT_3D('',#4085,#3211,#3212);
#2614=AXIS2_PLACEMENT_3D('',#4093,#3218,#3219);
#2615=AXIS2_PLACEMENT_3D('',#4094,#3220,#3221);
#2616=AXIS2_PLACEMENT_3D('',#4100,#3222,#3223);
#2617=AXIS2_PLACEMENT_3D('',#4106,#3224,#3225);
#2618=AXIS2_PLACEMENT_3D('',#4109,#3227,#3228);
#2619=AXIS2_PLACEMENT_3D('',#4112,#3230,#3231);
#2620=AXIS2_PLACEMENT_3D('',#4116,#3233,#3234);
#2621=AXIS2_PLACEMENT_3D('',#4120,#3236,#3237);
#2622=AXIS2_PLACEMENT_3D('',#4121,#3238,#3239);
#2623=AXIS2_PLACEMENT_3D('',#4130,#3240,#3241);
#2624=AXIS2_PLACEMENT_3D('',#4136,#3242,#3243);
#2625=AXIS2_PLACEMENT_3D('',#4142,#3244,#3245);
#2626=AXIS2_PLACEMENT_3D('',#4149,#3247,#3248);
#2627=AXIS2_PLACEMENT_3D('',#4150,#3249,#3250);
#2628=AXIS2_PLACEMENT_3D('',#4156,#3251,#3252);
#2629=AXIS2_PLACEMENT_3D('',#4163,#3254,#3255);
#2630=AXIS2_PLACEMENT_3D('',#4164,#3256,#3257);
#2631=AXIS2_PLACEMENT_3D('',#4170,#3258,#3259);
#2632=AXIS2_PLACEMENT_3D('',#4177,#3261,#3262);
#2633=AXIS2_PLACEMENT_3D('',#4178,#3263,#3264);
#2634=AXIS2_PLACEMENT_3D('',#4184,#3265,#3266);
#2635=AXIS2_PLACEMENT_3D('',#4191,#3268,#3269);
#2636=AXIS2_PLACEMENT_3D('',#4192,#3270,#3271);
#2637=AXIS2_PLACEMENT_3D('',#4198,#3272,#3273);
#2638=AXIS2_PLACEMENT_3D('',#4205,#3275,#3276);
#2639=AXIS2_PLACEMENT_3D('',#4211,#3277,#3278);
#2640=AXIS2_PLACEMENT_3D('',#4212,#3279,#3280);
#2641=AXIS2_PLACEMENT_3D('',#4214,#3282,#3283);
#2642=AXIS2_PLACEMENT_3D('',#4215,#3284,#3285);
#2643=AXIS2_PLACEMENT_3D('',#4217,#3286,#3287);
#2644=AXIS2_PLACEMENT_3D('',#4218,#3288,#3289);
#2645=AXIS2_PLACEMENT_3D('',#4220,#3290,#3291);
#2646=AXIS2_PLACEMENT_3D('',#4221,#3292,#3293);
#2647=AXIS2_PLACEMENT_3D('',#4223,#3294,#3295);
#2648=DIRECTION('',(0.,0.,1.));
#2649=DIRECTION('',(1.,0.,0.));
#2650=DIRECTION('',(0.,1.,3.48286017229888E-15));
#2651=DIRECTION('',(0.,-3.48286017229888E-15,1.));
#2652=DIRECTION('',(0.,1.,3.48286017229888E-15));
#2653=DIRECTION('',(0.,-3.48286017229888E-15,1.));
#2654=DIRECTION('',(0.,-1.,0.));
#2655=DIRECTION('',(0.,0.,-1.));
#2656=DIRECTION('',(0.,1.,3.48286017229888E-15));
#2657=DIRECTION('',(0.,-3.48286017229888E-15,1.));
#2658=DIRECTION('',(0.,1.,3.48286017229888E-15));
#2659=DIRECTION('',(0.,-3.48286017229888E-15,1.));
#2660=DIRECTION('',(0.,1.,3.48286017229888E-15));
#2661=DIRECTION('',(0.,-3.48286017229888E-15,1.));
#2662=DIRECTION('',(0.,1.,3.48286017229888E-15));
#2663=DIRECTION('',(0.,-3.48286017229888E-15,1.));
#2664=DIRECTION('',(0.,1.,3.48286017229888E-15));
#2665=DIRECTION('',(0.,-3.48286017229888E-15,1.));
#2666=DIRECTION('',(0.,1.,3.48286017229888E-15));
#2667=DIRECTION('',(0.,-3.48286017229888E-15,1.));
#2668=DIRECTION('',(0.,1.,3.48286017229888E-15));
#2669=DIRECTION('',(0.,-3.48286017229888E-15,1.));
#2670=DIRECTION('',(0.,1.,3.48286017229888E-15));
#2671=DIRECTION('',(0.,-3.48286017229888E-15,1.));
#2672=DIRECTION('',(0.,1.,3.48286017229888E-15));
#2673=DIRECTION('',(0.,-3.48286017229888E-15,1.));
#2674=DIRECTION('',(0.,1.,3.48286017229888E-15));
#2675=DIRECTION('',(0.,-3.48286017229888E-15,1.));
#2676=DIRECTION('',(0.,1.,3.48286017229888E-15));
#2677=DIRECTION('',(0.,-3.48286017229888E-15,1.));
#2678=DIRECTION('',(0.,1.,3.48286017229888E-15));
#2679=DIRECTION('',(0.,-3.48286017229888E-15,1.));
#2680=DIRECTION('',(0.,1.,3.48286017229888E-15));
#2681=DIRECTION('',(0.,-3.48286017229888E-15,1.));
#2682=DIRECTION('',(-0.866025403784441,0.,-0.499999999999995));
#2683=DIRECTION('',(-0.499999999999995,0.,0.866025403784441));
#2684=DIRECTION('',(0.,1.,0.));
#2685=DIRECTION('',(0.,1.,0.));
#2686=DIRECTION('',(0.,0.,-1.));
#2687=DIRECTION('',(-1.,0.,0.));
#2688=DIRECTION('',(0.,1.,0.));
#2689=DIRECTION('',(0.866025403784408,0.,-0.500000000000053));
#2690=DIRECTION('',(-0.500000000000053,0.,-0.866025403784408));
#2691=DIRECTION('',(0.,1.,0.));
#2692=DIRECTION('',(0.866025403784437,0.,0.500000000000003));
#2693=DIRECTION('',(0.500000000000003,0.,-0.866025403784437));
#2694=DIRECTION('',(0.,1.,0.));
#2695=DIRECTION('',(0.,0.,1.));
#2696=DIRECTION('',(1.,0.,0.));
#2697=DIRECTION('',(0.,1.,0.));
#2698=DIRECTION('',(-0.866025403784441,0.,0.499999999999995));
#2699=DIRECTION('',(0.499999999999995,0.,0.866025403784441));
#2700=DIRECTION('',(-3.8217088072286E-15,1.,0.));
#2701=DIRECTION('',(-1.,-3.8217088072286E-15,0.));
#2702=DIRECTION('',(-3.8217088072286E-15,1.,0.));
#2703=DIRECTION('',(-1.,-3.8217088072286E-15,0.));
#2704=DIRECTION('',(-3.8217088072286E-15,1.,0.));
#2705=DIRECTION('',(-1.,-3.8217088072286E-15,0.));
#2706=DIRECTION('',(-3.8217088072286E-15,1.,0.));
#2707=DIRECTION('',(-1.,-3.8217088072286E-15,0.));
#2708=DIRECTION('',(-3.8217088072286E-15,1.,0.));
#2709=DIRECTION('',(-1.,-3.8217088072286E-15,0.));
#2710=DIRECTION('',(0.,-1.,-3.48286017229888E-15));
#2711=DIRECTION('',(0.,3.48286017229888E-15,-1.));
#2712=DIRECTION('',(-3.8217088072286E-15,1.,0.));
#2713=DIRECTION('',(-1.,-3.8217088072286E-15,0.));
#2714=DIRECTION('',(0.,-1.,-3.48286017229888E-15));
#2715=DIRECTION('',(0.,3.48286017229888E-15,-1.));
#2716=DIRECTION('',(0.,-1.,-3.48286017229888E-15));
#2717=DIRECTION('',(0.,3.48286017229888E-15,-1.));
#2718=DIRECTION('',(0.,1.,3.48286017229888E-15));
#2719=DIRECTION('',(0.,-3.48286017229888E-15,1.));
#2720=DIRECTION('',(0.,1.,3.48286017229888E-15));
#2721=DIRECTION('',(0.,-3.48286017229888E-15,1.));
#2722=DIRECTION('',(0.,1.,3.48286017229888E-15));
#2723=DIRECTION('',(0.,-3.48286017229888E-15,1.));
#2724=DIRECTION('',(0.,1.,3.48286017229888E-15));
#2725=DIRECTION('',(0.,1.,3.48286017229888E-15));
#2726=DIRECTION('',(0.,1.,3.48286017229888E-15));
#2727=DIRECTION('',(0.,-3.48286017229888E-15,1.));
#2728=DIRECTION('',(-0.866025403784471,-0.499999999999944,0.));
#2729=DIRECTION('',(-0.499999999999944,0.866025403784471,4.02166051605302E-15));
#2730=DIRECTION('',(0.,1.,3.48286017229888E-15));
#2731=DIRECTION('',(0.,-3.48286017229888E-15,1.));
#2732=DIRECTION('',(0.866025403784471,-0.499999999999944,0.));
#2733=DIRECTION('',(0.499999999999944,0.866025403784471,4.02166051605302E-15));
#2734=DIRECTION('',(1.,0.,0.));
#2735=DIRECTION('',(0.,0.,-1.));
#2736=DIRECTION('',(1.,0.,0.));
#2737=DIRECTION('',(0.,0.,-1.));
#2738=DIRECTION('',(0.866025403784471,-0.499999999999944,0.));
#2739=DIRECTION('',(0.499999999999944,0.866025403784471,0.));
#2740=DIRECTION('',(0.,0.,1.));
#2741=DIRECTION('',(-2.01083025802629E-15,-3.48286017229888E-15,1.));
#2742=DIRECTION('',(0.866025403784471,-0.499999999999944,0.));
#2743=DIRECTION('',(0.499999999999944,0.866025403784471,4.02166051605302E-15));
#2744=DIRECTION('',(0.,0.,1.));
#2745=DIRECTION('',(1.,0.,0.));
#2746=DIRECTION('',(0.,0.,1.));
#2747=DIRECTION('',(1.,0.,0.));
#2748=DIRECTION('',(0.,0.,-1.));
#2749=DIRECTION('',(0.,0.,1.));
#2750=DIRECTION('',(0.,1.,3.48286017229888E-15));
#2751=DIRECTION('',(0.,0.,1.));
#2752=DIRECTION('',(1.,0.,0.));
#2753=DIRECTION('',(0.,0.,1.));
#2754=DIRECTION('',(-1.,0.,0.));
#2755=DIRECTION('',(0.,0.,1.));
#2756=DIRECTION('',(0.,0.,1.));
#2757=DIRECTION('',(0.,1.,3.48286017229888E-15));
#2758=DIRECTION('',(0.,0.,1.));
#2759=DIRECTION('',(1.,0.,0.));
#2760=DIRECTION('',(0.,0.,1.));
#2761=DIRECTION('',(-0.866025403784471,-0.499999999999944,0.));
#2762=DIRECTION('',(0.499999999999944,-0.866025403784471,0.));
#2763=DIRECTION('',(-2.01083025802629E-15,3.48286017229888E-15,-1.));
#2764=DIRECTION('',(-0.866025403784471,-0.499999999999944,0.));
#2765=DIRECTION('',(-0.499999999999944,0.866025403784471,4.02166051605302E-15));
#2766=DIRECTION('',(0.,-1.,-3.48286017229888E-15));
#2767=DIRECTION('',(0.,3.48286017229888E-15,-1.));
#2768=DIRECTION('',(0.,1.,3.48286017229888E-15));
#2769=DIRECTION('',(0.,-3.48286017229888E-15,1.));
#2770=DIRECTION('',(-1.,0.,0.));
#2771=DIRECTION('',(0.,0.,1.));
#2772=DIRECTION('',(1.,0.,0.));
#2773=DIRECTION('',(0.,0.,-1.));
#2774=DIRECTION('',(1.,0.,0.));
#2775=DIRECTION('',(0.,0.,-1.));
#2776=DIRECTION('',(1.,0.,0.));
#2777=DIRECTION('',(0.,0.,-1.));
#2778=DIRECTION('',(0.,1.,3.48286017229888E-15));
#2779=DIRECTION('',(0.,-3.48286017229888E-15,1.));
#2780=DIRECTION('',(0.,1.,3.48286017229888E-15));
#2781=DIRECTION('',(0.,-3.48286017229888E-15,1.));
#2782=DIRECTION('',(-1.,0.,0.));
#2783=DIRECTION('',(0.,0.,1.));
#2784=DIRECTION('',(1.,0.,0.));
#2785=DIRECTION('',(0.,0.,-1.));
#2786=DIRECTION('',(1.,0.,0.));
#2787=DIRECTION('',(0.,0.,-1.));
#2788=DIRECTION('',(-1.,0.,0.));
#2789=DIRECTION('',(0.,0.,1.));
#2790=DIRECTION('',(0.,-1.,-3.48286017229888E-15));
#2791=DIRECTION('',(0.,3.48286017229888E-15,-1.));
#2792=DIRECTION('',(0.,1.,3.48286017229888E-15));
#2793=DIRECTION('',(0.,-3.48286017229888E-15,1.));
#2794=DIRECTION('',(1.,0.,0.));
#2795=DIRECTION('',(0.,0.,-1.));
#2796=DIRECTION('',(1.,0.,0.));
#2797=DIRECTION('',(0.,0.,-1.));
#2798=DIRECTION('',(-1.,0.,0.));
#2799=DIRECTION('',(0.,0.,1.));
#2800=DIRECTION('',(-1.,0.,0.));
#2801=DIRECTION('',(0.,0.,1.));
#2802=DIRECTION('',(-1.,0.,0.));
#2803=DIRECTION('',(0.,0.,1.));
#2804=DIRECTION('',(1.,0.,0.));
#2805=DIRECTION('',(0.,0.,-1.));
#2806=DIRECTION('',(0.,1.,3.48286017229888E-15));
#2807=DIRECTION('',(0.,-3.48286017229888E-15,1.));
#2808=DIRECTION('',(0.,1.,3.48286017229888E-15));
#2809=DIRECTION('',(0.,-3.48286017229888E-15,1.));
#2810=DIRECTION('',(0.,1.,3.48286017229888E-15));
#2811=DIRECTION('',(0.,-3.48286017229888E-15,1.));
#2812=DIRECTION('',(-1.,0.,0.));
#2813=DIRECTION('',(0.,0.,1.));
#2814=DIRECTION('',(1.,0.,0.));
#2815=DIRECTION('',(0.,0.,-1.));
#2816=DIRECTION('',(1.,0.,0.));
#2817=DIRECTION('',(0.,0.,-1.));
#2818=DIRECTION('',(1.,0.,0.));
#2819=DIRECTION('',(0.,0.,-1.));
#2820=DIRECTION('',(0.,1.,3.48286017229888E-15));
#2821=DIRECTION('',(0.,-3.48286017229888E-15,1.));
#2822=DIRECTION('',(0.,1.,3.48286017229888E-15));
#2823=DIRECTION('',(0.,-3.48286017229888E-15,1.));
#2824=DIRECTION('',(1.,0.,0.));
#2825=DIRECTION('',(0.,0.,-1.));
#2826=DIRECTION('',(0.,1.,3.48286017229888E-15));
#2827=DIRECTION('',(0.,-3.48286017229888E-15,1.));
#2828=DIRECTION('',(0.,1.,3.48286017229888E-15));
#2829=DIRECTION('',(0.,-3.48286017229888E-15,1.));
#2830=DIRECTION('',(-1.,0.,0.));
#2831=DIRECTION('',(0.,0.,1.));
#2832=DIRECTION('',(0.,1.,3.48286017229888E-15));
#2833=DIRECTION('',(0.,-3.48286017229888E-15,1.));
#2834=DIRECTION('',(0.,1.,3.48286017229888E-15));
#2835=DIRECTION('',(0.,-3.48286017229888E-15,1.));
#2836=DIRECTION('',(0.,-1.,-3.48286017229888E-15));
#2837=DIRECTION('',(0.,3.48286017229888E-15,-1.));
#2838=DIRECTION('',(0.,1.,3.48286017229888E-15));
#2839=DIRECTION('',(0.,-3.48286017229888E-15,1.));
#2840=DIRECTION('',(0.,-1.,-3.48286017229888E-15));
#2841=DIRECTION('',(0.,3.48286017229888E-15,-1.));
#2842=DIRECTION('',(0.,1.,3.48286017229888E-15));
#2843=DIRECTION('',(0.,-3.48286017229888E-15,1.));
#2844=DIRECTION('',(0.,-1.,-3.48286017229888E-15));
#2845=DIRECTION('',(0.,3.48286017229888E-15,-1.));
#2846=DIRECTION('',(0.,1.,3.48286017229888E-15));
#2847=DIRECTION('',(0.,-3.48286017229888E-15,1.));
#2848=DIRECTION('',(0.,-1.,-3.48286017229888E-15));
#2849=DIRECTION('',(0.,3.48286017229888E-15,-1.));
#2850=DIRECTION('',(0.,1.,3.48286017229888E-15));
#2851=DIRECTION('',(0.,-3.48286017229888E-15,1.));
#2852=DIRECTION('',(0.,-1.,-3.48286017229888E-15));
#2853=DIRECTION('',(0.,3.48286017229888E-15,-1.));
#2854=DIRECTION('',(0.,1.,3.48286017229888E-15));
#2855=DIRECTION('',(0.,-3.48286017229888E-15,1.));
#2856=DIRECTION('',(0.,-1.,-3.48286017229888E-15));
#2857=DIRECTION('',(0.,3.48286017229888E-15,-1.));
#2858=DIRECTION('',(0.,1.,3.48286017229888E-15));
#2859=DIRECTION('',(0.,-3.48286017229888E-15,1.));
#2860=DIRECTION('',(0.,-1.,-3.48286017229888E-15));
#2861=DIRECTION('',(0.,3.48286017229888E-15,-1.));
#2862=DIRECTION('',(0.,1.,0.));
#2863=DIRECTION('',(0.,0.,1.));
#2864=DIRECTION('',(0.,1.,0.));
#2865=DIRECTION('',(0.,0.,1.));
#2866=DIRECTION('',(0.,1.,0.));
#2867=DIRECTION('',(0.,0.,1.));
#2868=DIRECTION('',(0.,1.,0.));
#2869=DIRECTION('',(0.,0.,1.));
#2870=DIRECTION('',(0.,1.,0.));
#2871=DIRECTION('',(0.,0.,1.));
#2872=DIRECTION('',(0.,-1.,0.));
#2873=DIRECTION('',(0.,0.,-1.));
#2874=DIRECTION('',(-1.,0.,0.));
#2875=DIRECTION('',(0.,0.,1.));
#2876=DIRECTION('',(0.,-1.,0.));
#2877=DIRECTION('',(0.,0.,1.));
#2878=DIRECTION('',(0.,-1.,0.));
#2879=DIRECTION('',(0.,0.,1.));
#2880=DIRECTION('',(0.,1.,0.));
#2881=DIRECTION('',(0.,0.,1.));
#2882=DIRECTION('',(-1.,0.,0.));
#2883=DIRECTION('',(0.,0.,1.));
#2884=DIRECTION('',(-1.,0.,0.));
#2885=DIRECTION('',(0.,-1.,0.));
#2886=DIRECTION('',(0.,0.,-1.));
#2887=DIRECTION('',(1.,0.,0.));
#2888=DIRECTION('',(0.,0.,1.));
#2889=DIRECTION('',(1.,0.,0.));
#2890=DIRECTION('',(0.,0.,1.));
#2891=DIRECTION('',(-1.,0.,0.));
#2892=DIRECTION('',(0.,0.,1.));
#2893=DIRECTION('',(0.,-1.,0.));
#2894=DIRECTION('',(0.,0.,1.));
#2895=DIRECTION('',(0.,-1.,0.));
#2896=DIRECTION('',(0.,1.,0.));
#2897=DIRECTION('',(0.,0.,1.));
#2898=DIRECTION('',(-1.,0.,0.));
#2899=DIRECTION('',(0.,0.,1.));
#2900=DIRECTION('',(-1.,0.,0.));
#2901=DIRECTION('',(0.,0.,1.));
#2902=DIRECTION('',(1.,0.,0.));
#2903=DIRECTION('',(0.,0.,-1.));
#2904=DIRECTION('',(0.,1.,0.));
#2905=DIRECTION('',(0.,0.,1.));
#2906=DIRECTION('',(0.,1.,0.));
#2907=DIRECTION('',(1.,0.,0.));
#2908=DIRECTION('',(0.,0.,-1.));
#2909=DIRECTION('',(0.,1.,0.));
#2910=DIRECTION('',(0.,0.,1.));
#2911=DIRECTION('',(0.,1.,0.));
#2912=DIRECTION('',(0.,0.,1.));
#2913=DIRECTION('',(0.,-1.,0.));
#2914=DIRECTION('',(0.,0.,-1.));
#2915=DIRECTION('',(1.,0.,0.));
#2916=DIRECTION('',(0.,0.,1.));
#2917=DIRECTION('',(1.,0.,0.));
#2918=DIRECTION('',(1.,0.,0.));
#2919=DIRECTION('',(0.,0.,-1.));
#2920=DIRECTION('',(0.,1.,0.));
#2921=DIRECTION('',(0.,0.,1.));
#2922=DIRECTION('',(0.,1.,0.));
#2923=DIRECTION('',(0.,4.68844182696434E-16,-1.));
#2924=DIRECTION('',(0.,1.,4.68844182696434E-16));
#2925=DIRECTION('',(1.,0.,0.));
#2926=DIRECTION('',(0.,0.,-1.));
#2927=DIRECTION('',(-1.,0.,0.));
#2928=DIRECTION('',(0.,-1.,0.));
#2929=DIRECTION('',(0.,0.,-1.));
#2930=DIRECTION('',(1.,0.,0.));
#2931=DIRECTION('',(0.,0.,1.));
#2932=DIRECTION('',(0.,0.,-1.));
#2933=DIRECTION('',(-1.,0.,0.));
#2934=DIRECTION('',(1.,0.,0.));
#2935=DIRECTION('',(0.,-1.,0.));
#2936=DIRECTION('',(-1.,0.,0.));
#2937=DIRECTION('',(0.,1.,0.));
#2938=DIRECTION('',(0.,0.,-1.));
#2939=DIRECTION('',(-1.,0.,0.));
#2940=DIRECTION('',(0.,0.,-1.));
#2941=DIRECTION('',(-1.,0.,0.));
#2942=DIRECTION('',(0.,1.,0.));
#2943=DIRECTION('',(0.,0.,1.));
#2944=DIRECTION('',(-1.,0.,0.));
#2945=DIRECTION('',(0.,0.,1.));
#2946=DIRECTION('',(-1.,0.,0.));
#2947=DIRECTION('',(0.,4.68844182696434E-16,-1.));
#2948=DIRECTION('',(0.,1.,4.68844182696434E-16));
#2949=DIRECTION('',(0.,0.,-1.));
#2950=DIRECTION('',(-1.,0.,0.));
#2951=DIRECTION('',(0.,1.,0.));
#2952=DIRECTION('',(1.,0.,0.));
#2953=DIRECTION('',(0.,0.,-1.));
#2954=DIRECTION('',(0.,1.,0.));
#2955=DIRECTION('',(0.,0.,1.));
#2956=DIRECTION('',(0.,0.,-1.));
#2957=DIRECTION('',(-1.,0.,0.));
#2958=DIRECTION('',(0.,1.,0.));
#2959=DIRECTION('',(1.,0.,0.));
#2960=DIRECTION('',(0.,-1.,0.));
#2961=DIRECTION('',(-1.,0.,0.));
#2962=DIRECTION('',(0.,0.,-1.));
#2963=DIRECTION('',(-1.,0.,0.));
#2964=DIRECTION('',(0.,0.,-1.));
#2965=DIRECTION('',(-1.,0.,0.));
#2966=DIRECTION('',(0.,-1.,0.));
#2967=DIRECTION('',(0.,0.,-1.));
#2968=DIRECTION('',(1.,0.,0.));
#2969=DIRECTION('',(0.,0.,1.));
#2970=DIRECTION('',(1.,0.,0.));
#2971=DIRECTION('',(0.,4.68844182696434E-16,-1.));
#2972=DIRECTION('',(0.,1.,4.68844182696434E-16));
#2973=DIRECTION('',(0.,-1.,0.));
#2974=DIRECTION('',(0.,0.,-1.));
#2975=DIRECTION('',(-1.,0.,0.));
#2976=DIRECTION('',(-1.,0.,0.));
#2977=DIRECTION('',(0.,0.,1.));
#2978=DIRECTION('',(0.,-1.,0.));
#2979=DIRECTION('',(0.,0.,1.));
#2980=DIRECTION('',(0.,0.,-1.));
#2981=DIRECTION('',(-1.,0.,0.));
#2982=DIRECTION('',(0.,-1.,0.));
#2983=DIRECTION('',(-1.,0.,0.));
#2984=DIRECTION('',(0.,1.,0.));
#2985=DIRECTION('',(1.,0.,0.));
#2986=DIRECTION('',(0.,0.,-1.));
#2987=DIRECTION('',(-1.,0.,0.));
#2988=DIRECTION('',(0.,0.,-1.));
#2989=DIRECTION('',(-1.,0.,0.));
#2990=DIRECTION('',(-1.,0.,0.));
#2991=DIRECTION('',(0.,0.,1.));
#2992=DIRECTION('',(0.,-1.,0.));
#2993=DIRECTION('',(0.,0.,1.));
#2994=DIRECTION('',(0.,-1.,0.));
#2995=DIRECTION('',(0.,4.68844182696434E-16,-1.));
#2996=DIRECTION('',(0.,1.,4.68844182696434E-16));
#2997=DIRECTION('',(0.,0.,-1.));
#2998=DIRECTION('',(-1.,0.,0.));
#2999=DIRECTION('',(-1.,0.,0.));
#3000=DIRECTION('',(0.,1.,0.));
#3001=DIRECTION('',(0.,0.,1.));
#3002=DIRECTION('',(-1.,0.,0.));
#3003=DIRECTION('',(0.,0.,1.));
#3004=DIRECTION('',(0.,0.,-1.));
#3005=DIRECTION('',(-1.,0.,0.));
#3006=DIRECTION('',(-1.,0.,0.));
#3007=DIRECTION('',(0.,1.,0.));
#3008=DIRECTION('',(1.,0.,0.));
#3009=DIRECTION('',(0.,-1.,0.));
#3010=DIRECTION('',(0.,0.,-1.));
#3011=DIRECTION('',(-1.,0.,0.));
#3012=DIRECTION('',(0.,0.,-1.));
#3013=DIRECTION('',(-1.,0.,0.));
#3014=DIRECTION('',(0.,0.,-1.));
#3015=DIRECTION('',(-1.,0.,0.));
#3016=DIRECTION('',(0.,0.,-1.));
#3017=DIRECTION('',(-1.,0.,0.));
#3018=DIRECTION('',(0.,0.,-1.));
#3019=DIRECTION('',(-1.,0.,0.));
#3020=DIRECTION('',(0.,0.,-1.));
#3021=DIRECTION('',(-1.,0.,0.));
#3022=DIRECTION('',(-1.,0.,0.));
#3023=DIRECTION('',(0.,0.,1.));
#3024=DIRECTION('',(0.,-1.,0.));
#3025=DIRECTION('',(0.,0.,1.));
#3026=DIRECTION('',(0.,0.,1.));
#3027=DIRECTION('',(0.,1.,0.));
#3028=DIRECTION('',(0.,0.,1.));
#3029=DIRECTION('',(-1.,0.,0.));
#3030=DIRECTION('',(0.,0.,1.));
#3031=DIRECTION('',(1.,0.,0.));
#3032=DIRECTION('',(0.,0.,-1.));
#3033=DIRECTION('',(0.,1.,0.));
#3034=DIRECTION('',(0.,0.,1.));
#3035=DIRECTION('',(0.,0.,1.));
#3036=DIRECTION('',(1.,0.,0.));
#3037=DIRECTION('',(0.,0.,-1.));
#3038=DIRECTION('',(-1.,0.,0.));
#3039=DIRECTION('',(0.,0.,1.));
#3040=DIRECTION('',(0.,-1.,0.));
#3041=DIRECTION('',(0.,0.,-1.));
#3042=DIRECTION('',(1.,0.,0.));
#3043=DIRECTION('',(-1.,0.,0.));
#3044=DIRECTION('',(0.,0.,1.));
#3045=DIRECTION('',(0.,-1.,0.));
#3046=DIRECTION('',(0.,0.,1.));
#3047=DIRECTION('',(0.,0.,1.));
#3048=DIRECTION('',(0.,1.,0.));
#3049=DIRECTION('',(0.,0.,1.));
#3050=DIRECTION('',(-1.,0.,0.));
#3051=DIRECTION('',(0.,0.,1.));
#3052=DIRECTION('',(0.,0.,1.));
#3053=DIRECTION('',(1.,0.,0.));
#3054=DIRECTION('',(0.,0.,-1.));
#3055=DIRECTION('',(-1.,0.,0.));
#3056=DIRECTION('',(0.,0.,1.));
#3057=DIRECTION('',(1.,0.,0.));
#3058=DIRECTION('',(0.,0.,-1.));
#3059=DIRECTION('',(0.,1.,0.));
#3060=DIRECTION('',(0.,0.,1.));
#3061=DIRECTION('',(0.,-1.,0.));
#3062=DIRECTION('',(0.,0.,-1.));
#3063=DIRECTION('',(1.,0.,0.));
#3064=DIRECTION('',(0.,1.,0.));
#3065=DIRECTION('',(0.,0.,1.));
#3066=DIRECTION('',(-1.,0.,0.));
#3067=DIRECTION('',(0.,0.,1.));
#3068=DIRECTION('',(0.,0.,1.));
#3069=DIRECTION('',(1.,0.,0.));
#3070=DIRECTION('',(0.,0.,-1.));
#3071=DIRECTION('',(0.,1.,0.));
#3072=DIRECTION('',(0.,0.,1.));
#3073=DIRECTION('',(0.,-1.,0.));
#3074=DIRECTION('',(0.,0.,-1.));
#3075=DIRECTION('',(1.,0.,0.));
#3076=DIRECTION('',(0.,0.,1.));
#3077=DIRECTION('',(0.,0.,1.));
#3078=DIRECTION('',(1.,0.,0.));
#3079=DIRECTION('',(0.,0.,-1.));
#3080=DIRECTION('',(-1.,0.,0.));
#3081=DIRECTION('',(0.,0.,1.));
#3082=DIRECTION('',(-1.,0.,0.));
#3083=DIRECTION('',(0.,0.,1.));
#3084=DIRECTION('',(0.,-1.,0.));
#3085=DIRECTION('',(-1.,0.,0.));
#3086=DIRECTION('',(0.,0.,1.));
#3087=DIRECTION('',(0.,-1.,0.));
#3088=DIRECTION('',(0.,0.,1.));
#3089=DIRECTION('',(0.,0.,1.));
#3090=DIRECTION('',(0.,0.,1.));
#3091=DIRECTION('',(1.,0.,0.));
#3092=DIRECTION('',(0.,0.,-1.));
#3093=DIRECTION('',(-1.,0.,0.));
#3094=DIRECTION('',(0.,0.,1.));
#3095=DIRECTION('',(0.,1.,0.));
#3096=DIRECTION('',(0.,0.,1.));
#3097=DIRECTION('',(-1.,0.,0.));
#3098=DIRECTION('',(0.,0.,1.));
#3099=DIRECTION('',(1.,0.,0.));
#3100=DIRECTION('',(0.,0.,-1.));
#3101=DIRECTION('',(0.,1.,0.));
#3102=DIRECTION('',(0.,0.,1.));
#3103=DIRECTION('',(0.,-1.,0.));
#3104=DIRECTION('',(0.,0.,-1.));
#3105=DIRECTION('',(1.,0.,0.));
#3106=DIRECTION('',(0.,0.,1.));
#3107=DIRECTION('',(1.,0.,0.));
#3108=DIRECTION('',(0.,0.,-1.));
#3109=DIRECTION('',(-1.,0.,0.));
#3110=DIRECTION('',(0.,0.,1.));
#3111=DIRECTION('',(1.,0.,0.));
#3112=DIRECTION('',(0.,0.,-1.));
#3113=DIRECTION('',(-1.,0.,0.));
#3114=DIRECTION('',(0.,1.,-6.3299986716809E-18));
#3115=DIRECTION('',(0.,6.3299986716809E-18,1.));
#3116=DIRECTION('',(0.,6.3299986716809E-18,1.));
#3117=DIRECTION('',(-1.,0.,0.));
#3118=DIRECTION('',(0.,6.3299986716809E-18,1.));
#3119=DIRECTION('',(1.,0.,0.));
#3120=DIRECTION('',(0.,0.,-1.));
#3121=DIRECTION('',(-1.,0.,0.));
#3122=DIRECTION('',(0.,1.,0.));
#3123=DIRECTION('',(0.,1.,0.));
#3124=DIRECTION('',(1.,0.,0.));
#3125=DIRECTION('',(0.,-1.,0.));
#3126=DIRECTION('',(0.,0.,-1.));
#3127=DIRECTION('',(0.,0.,-1.));
#3128=DIRECTION('',(0.,0.,-1.));
#3129=DIRECTION('',(1.,0.,0.));
#3130=DIRECTION('',(0.,0.,1.));
#3131=DIRECTION('',(1.,0.,0.));
#3132=DIRECTION('',(0.,-1.,0.));
#3133=DIRECTION('',(1.,0.,0.));
#3134=DIRECTION('',(0.,-1.,0.));
#3135=DIRECTION('',(1.,0.,0.));
#3136=DIRECTION('',(0.,0.,-1.));
#3137=DIRECTION('',(0.,0.,1.));
#3138=DIRECTION('',(0.,0.,1.));
#3139=DIRECTION('',(0.,1.,0.));
#3140=DIRECTION('',(0.,0.,-1.));
#3141=DIRECTION('',(-1.,0.,0.));
#3142=DIRECTION('',(0.,1.,0.));
#3143=DIRECTION('',(1.,0.,0.));
#3144=DIRECTION('',(1.,0.,0.));
#3145=DIRECTION('',(0.,0.,-1.));
#3146=DIRECTION('',(0.,0.,1.));
#3147=DIRECTION('',(0.,0.,1.));
#3148=DIRECTION('',(0.,1.,0.));
#3149=DIRECTION('',(0.,0.,1.));
#3150=DIRECTION('',(0.,1.,3.48286017229888E-15));
#3151=DIRECTION('',(0.,-3.48286017229888E-15,1.));
#3152=DIRECTION('',(0.,1.,0.));
#3153=DIRECTION('',(0.,0.,1.));
#3154=DIRECTION('',(0.,1.,3.48286017229888E-15));
#3155=DIRECTION('',(0.,-3.48286017229888E-15,1.));
#3156=DIRECTION('',(0.,1.,3.48286017229888E-15));
#3157=DIRECTION('',(0.,-3.48286017229888E-15,1.));
#3158=DIRECTION('',(0.,1.,3.48286017229888E-15));
#3159=DIRECTION('',(0.,-3.48286017229888E-15,1.));
#3160=DIRECTION('',(0.,1.,3.48286017229888E-15));
#3161=DIRECTION('',(0.,-3.48286017229888E-15,1.));
#3162=DIRECTION('',(0.,1.,3.48286017229888E-15));
#3163=DIRECTION('',(0.,1.,3.48286017229888E-15));
#3164=DIRECTION('',(0.,-3.48286017229888E-15,1.));
#3165=DIRECTION('',(0.,1.,3.48286017229888E-15));
#3166=DIRECTION('',(0.,1.,3.48286017229888E-15));
#3167=DIRECTION('',(0.,-3.48286017229888E-15,1.));
#3168=DIRECTION('',(0.,1.,3.48286017229888E-15));
#3169=DIRECTION('',(0.,-3.48286017229888E-15,1.));
#3170=DIRECTION('',(0.,1.,3.48286017229888E-15));
#3171=DIRECTION('',(0.,-3.48286017229888E-15,1.));
#3172=DIRECTION('',(0.,1.,3.48286017229888E-15));
#3173=DIRECTION('',(0.,-3.48286017229888E-15,1.));
#3174=DIRECTION('',(0.,1.,3.48286017229888E-15));
#3175=DIRECTION('',(0.,1.,3.48286017229888E-15));
#3176=DIRECTION('',(0.,-3.48286017229888E-15,1.));
#3177=DIRECTION('',(0.,1.,3.48286017229888E-15));
#3178=DIRECTION('',(0.,1.,3.48286017229888E-15));
#3179=DIRECTION('',(0.,-3.48286017229888E-15,1.));
#3180=DIRECTION('',(0.,1.,3.48286017229888E-15));
#3181=DIRECTION('',(0.,-3.48286017229888E-15,1.));
#3182=DIRECTION('',(0.,1.,3.48286017229888E-15));
#3183=DIRECTION('',(0.,-3.48286017229888E-15,1.));
#3184=DIRECTION('',(0.,1.,3.48286017229888E-15));
#3185=DIRECTION('',(0.,-3.48286017229888E-15,1.));
#3186=DIRECTION('',(0.,1.,3.48286017229888E-15));
#3187=DIRECTION('',(0.,1.,3.48286017229888E-15));
#3188=DIRECTION('',(0.,-3.48286017229888E-15,1.));
#3189=DIRECTION('',(0.,1.,3.48286017229888E-15));
#3190=DIRECTION('',(0.,1.,3.48286017229888E-15));
#3191=DIRECTION('',(0.,-3.48286017229888E-15,1.));
#3192=DIRECTION('',(0.,1.,3.48286017229888E-15));
#3193=DIRECTION('',(0.,-3.48286017229888E-15,1.));
#3194=DIRECTION('',(0.,1.,3.48286017229888E-15));
#3195=DIRECTION('',(0.,-3.48286017229888E-15,1.));
#3196=DIRECTION('',(0.,1.,3.48286017229888E-15));
#3197=DIRECTION('',(0.,-3.48286017229888E-15,1.));
#3198=DIRECTION('',(0.,1.,3.48286017229888E-15));
#3199=DIRECTION('',(0.,1.,3.48286017229888E-15));
#3200=DIRECTION('',(0.,-3.48286017229888E-15,1.));
#3201=DIRECTION('',(0.,1.,3.48286017229888E-15));
#3202=DIRECTION('',(0.,1.,3.48286017229888E-15));
#3203=DIRECTION('',(0.,-3.48286017229888E-15,1.));
#3204=DIRECTION('',(0.,1.,3.48286017229888E-15));
#3205=DIRECTION('',(0.,-3.48286017229888E-15,1.));
#3206=DIRECTION('',(0.,1.,3.48286017229888E-15));
#3207=DIRECTION('',(0.,-3.48286017229888E-15,1.));
#3208=DIRECTION('',(0.,1.,3.48286017229888E-15));
#3209=DIRECTION('',(0.,-3.48286017229888E-15,1.));
#3210=DIRECTION('',(0.,0.,1.));
#3211=DIRECTION('',(0.,1.,3.48286017229888E-15));
#3212=DIRECTION('',(0.,-3.48286017229888E-15,1.));
#3213=DIRECTION('',(-0.866025403784444,0.,0.499999999999991));
#3214=DIRECTION('',(-0.866025403784444,0.,-0.499999999999991));
#3215=DIRECTION('',(0.,0.,-1.));
#3216=DIRECTION('',(0.866025403784444,0.,-0.499999999999991));
#3217=DIRECTION('',(0.866025403784444,0.,0.499999999999991));
#3218=DIRECTION('',(0.,1.,3.48286017229888E-15));
#3219=DIRECTION('',(0.,-3.48286017229888E-15,1.));
#3220=DIRECTION('',(0.,1.,3.48286017229888E-15));
#3221=DIRECTION('',(0.,-3.48286017229888E-15,1.));
#3222=DIRECTION('',(0.,1.,3.48286017229888E-15));
#3223=DIRECTION('',(0.,-3.48286017229888E-15,1.));
#3224=DIRECTION('',(0.,1.,3.48286017229888E-15));
#3225=DIRECTION('',(0.,-3.48286017229888E-15,1.));
#3226=DIRECTION('',(0.,1.,3.48286017229888E-15));
#3227=DIRECTION('',(0.,1.,3.48286017229888E-15));
#3228=DIRECTION('',(0.,-3.48286017229888E-15,1.));
#3229=DIRECTION('',(0.,1.,3.48286017229888E-15));
#3230=DIRECTION('',(0.,1.,3.48286017229888E-15));
#3231=DIRECTION('',(0.,-3.48286017229888E-15,1.));
#3232=DIRECTION('',(0.,1.,3.48286017229888E-15));
#3233=DIRECTION('',(0.,1.,3.48286017229888E-15));
#3234=DIRECTION('',(0.,-3.48286017229888E-15,1.));
#3235=DIRECTION('',(0.,1.,3.48286017229888E-15));
#3236=DIRECTION('',(0.,1.,3.48286017229888E-15));
#3237=DIRECTION('',(0.,-3.48286017229888E-15,1.));
#3238=DIRECTION('',(0.,1.,3.48286017229888E-15));
#3239=DIRECTION('',(0.,-3.48286017229888E-15,1.));
#3240=DIRECTION('',(0.,-1.,-3.48286017229888E-15));
#3241=DIRECTION('',(0.,3.48286017229888E-15,-1.));
#3242=DIRECTION('',(0.,1.,3.48286017229888E-15));
#3243=DIRECTION('',(0.,-3.48286017229888E-15,1.));
#3244=DIRECTION('',(-0.499999999999991,0.,-0.866025403784444));
#3245=DIRECTION('',(-0.866025403784444,0.,0.499999999999991));
#3246=DIRECTION('',(0.866025403784444,1.74143008614941E-15,-0.499999999999991));
#3247=DIRECTION('',(0.,-1.,-3.48286017229888E-15));
#3248=DIRECTION('',(0.,3.48286017229888E-15,-1.));
#3249=DIRECTION('',(0.,1.,3.48286017229888E-15));
#3250=DIRECTION('',(0.,-3.48286017229888E-15,1.));
#3251=DIRECTION('',(0.499999999999991,0.,-0.866025403784444));
#3252=DIRECTION('',(-0.866025403784444,0.,-0.499999999999991));
#3253=DIRECTION('',(0.866025403784444,-1.74143008614941E-15,0.499999999999991));
#3254=DIRECTION('',(0.,-1.,-3.48286017229888E-15));
#3255=DIRECTION('',(0.,3.48286017229888E-15,-1.));
#3256=DIRECTION('',(0.,1.,3.48286017229888E-15));
#3257=DIRECTION('',(0.,-3.48286017229888E-15,1.));
#3258=DIRECTION('',(1.,0.,0.));
#3259=DIRECTION('',(0.,0.,-1.));
#3260=DIRECTION('',(0.,-3.48286017229888E-15,1.));
#3261=DIRECTION('',(0.,-1.,-3.48286017229888E-15));
#3262=DIRECTION('',(0.,3.48286017229888E-15,-1.));
#3263=DIRECTION('',(0.,1.,3.48286017229888E-15));
#3264=DIRECTION('',(0.,-3.48286017229888E-15,1.));
#3265=DIRECTION('',(0.499999999999991,0.,0.866025403784444));
#3266=DIRECTION('',(0.866025403784444,0.,-0.499999999999991));
#3267=DIRECTION('',(-0.866025403784444,-1.74143008614941E-15,0.499999999999991));
#3268=DIRECTION('',(0.,-1.,-3.48286017229888E-15));
#3269=DIRECTION('',(0.,3.48286017229888E-15,-1.));
#3270=DIRECTION('',(0.,1.,3.48286017229888E-15));
#3271=DIRECTION('',(0.,-3.48286017229888E-15,1.));
#3272=DIRECTION('',(-0.499999999999991,0.,0.866025403784444));
#3273=DIRECTION('',(0.866025403784444,0.,0.499999999999991));
#3274=DIRECTION('',(-0.866025403784444,1.74143008614941E-15,-0.499999999999991));
#3275=DIRECTION('',(0.,-1.,-3.48286017229888E-15));
#3276=DIRECTION('',(0.,3.48286017229888E-15,-1.));
#3277=DIRECTION('',(0.,1.,3.48286017229888E-15));
#3278=DIRECTION('',(0.,-3.48286017229888E-15,1.));
#3279=DIRECTION('',(-1.,0.,0.));
#3280=DIRECTION('',(0.,0.,1.));
#3281=DIRECTION('',(0.,3.48286017229888E-15,-1.));
#3282=DIRECTION('',(0.,-1.,-3.48286017229888E-15));
#3283=DIRECTION('',(0.,3.48286017229888E-15,-1.));
#3284=DIRECTION('',(0.,1.,3.48286017229888E-15));
#3285=DIRECTION('',(0.,-3.48286017229888E-15,1.));
#3286=DIRECTION('',(0.,1.,3.48286017229888E-15));
#3287=DIRECTION('',(0.,-3.48286017229888E-15,1.));
#3288=DIRECTION('',(0.,1.,3.48286017229888E-15));
#3289=DIRECTION('',(0.,-3.48286017229888E-15,1.));
#3290=DIRECTION('',(0.,-1.,-3.48286017229888E-15));
#3291=DIRECTION('',(0.,3.48286017229888E-15,-1.));
#3292=DIRECTION('',(0.,1.,3.48286017229888E-15));
#3293=DIRECTION('',(0.,-3.48286017229888E-15,1.));
#3294=DIRECTION('',(0.,1.,3.48286017229888E-15));
#3295=DIRECTION('',(0.,-3.48286017229888E-15,1.));
#3296=CARTESIAN_POINT('',(0.,0.,0.));
#3297=CARTESIAN_POINT('',(0.,11.6728,0.));
#3298=CARTESIAN_POINT('',(0.,6.81280000000001,-1.69267004373725E-14));
#3299=CARTESIAN_POINT('',(0.,6.8128,3.175));
#3300=CARTESIAN_POINT('',(0.,6.5128,-1.79715584890622E-14));
#3301=CARTESIAN_POINT('',(0.,6.5128,-3.17500000000004));
#3302=CARTESIAN_POINT('',(0.,6.81280000000001,-1.69267004373725E-14));
#3303=CARTESIAN_POINT('',(4.61880215351745,7.17006558990746,-1.88151996019498E-13));
#3304=CARTESIAN_POINT('',(4.24101525012111,6.95195021953532,-0.654346111116663));
#3305=CARTESIAN_POINT('',(3.85755613790731,6.81280000000019,-1.31851677609613));
#3306=CARTESIAN_POINT('',(3.46410161513791,6.8128000000002,-2.0000000000004));
#3307=CARTESIAN_POINT('',(4.6188021535174,7.1700655899081,-2.68014777038417E-13));
#3308=CARTESIAN_POINT('',(3.46410161513793,6.8128,-2.00000000000037));
#3309=CARTESIAN_POINT('',(3.46410161513793,6.81280000000012,2.0000000000001));
#3310=CARTESIAN_POINT('',(3.85608576013218,6.81280000000012,1.32106354510861));
#3311=CARTESIAN_POINT('',(4.24195803535175,6.95249453684242,0.652713159196125));
#3312=CARTESIAN_POINT('',(4.61880215351742,7.17006558990789,-2.98067800896888E-13));
#3313=CARTESIAN_POINT('',(3.46410161513792,6.8128,2.00000000000012));
#3314=CARTESIAN_POINT('',(0.,6.81280000000001,-1.69267004373725E-14));
#3315=CARTESIAN_POINT('',(0.,6.81280000000001,-1.69267004373725E-14));
#3316=CARTESIAN_POINT('',(3.46410161513791,6.8128000000002,-2.0000000000004));
#3317=CARTESIAN_POINT('',(3.07211747014381,6.8128000000002,-2.67893645489154));
#3318=CARTESIAN_POINT('',(2.68624519492439,6.95249453684236,-3.34728684080367));
#3319=CARTESIAN_POINT('',(2.30940107675886,7.17006558990764,-3.99999999999977));
#3320=CARTESIAN_POINT('',(2.3094010767589,7.1700655899081,-3.9999999999997));
#3321=CARTESIAN_POINT('',(0.,6.81280000000001,-1.69267004373725E-14));
#3322=CARTESIAN_POINT('',(0.,6.8128,-3.9999999999997));
#3323=CARTESIAN_POINT('',(2.30940107675891,7.17006558990805,-3.9999999999997));
#3324=CARTESIAN_POINT('',(1.55698579460679,6.95286200706159,-3.9999999999997));
#3325=CARTESIAN_POINT('',(0.790901741173827,6.81279999999984,-3.9999999999997));
#3326=CARTESIAN_POINT('',(2.82254395295029E-14,6.81279999999983,-3.9999999999997));
#3327=CARTESIAN_POINT('',(0.,6.81280000000001,-1.69267004373725E-14));
#3328=CARTESIAN_POINT('',(2.92465410464469E-14,6.81279999999983,-3.9999999999997));
#3329=CARTESIAN_POINT('',(-0.790451293012601,6.81279999999983,-3.9999999999997));
#3330=CARTESIAN_POINT('',(-1.55791696514314,6.95313081284155,-3.9999999999997));
#3331=CARTESIAN_POINT('',(-2.30940107675862,7.170065589908,-3.9999999999997));
#3332=CARTESIAN_POINT('',(-2.3094010767586,7.1700655899081,-3.9999999999997));
#3333=CARTESIAN_POINT('',(0.,6.81280000000001,-1.69267004373725E-14));
#3334=CARTESIAN_POINT('',(-3.4641016151377,6.8128,-1.99999999999994));
#3335=CARTESIAN_POINT('',(-2.30940107675853,7.17006558990713,-3.99999999999982));
#3336=CARTESIAN_POINT('',(-2.68718798015475,6.95195021953505,-3.34565388888345));
#3337=CARTESIAN_POINT('',(-3.07064709236843,6.81279999999996,-2.68148322390409));
#3338=CARTESIAN_POINT('',(-3.4641016151377,6.81279999999996,-1.99999999999994));
#3339=CARTESIAN_POINT('',(0.,6.81280000000001,-1.69267004373725E-14));
#3340=CARTESIAN_POINT('',(2.30940107675884,7.1700655899072,3.99999999999981));
#3341=CARTESIAN_POINT('',(2.68718798015503,6.95195021953516,3.34565388888349));
#3342=CARTESIAN_POINT('',(3.07064709236869,6.81280000000011,2.68148322390418));
#3343=CARTESIAN_POINT('',(3.46410161513793,6.81280000000012,2.0000000000001));
#3344=CARTESIAN_POINT('',(2.3094010767589,7.1700655899081,3.9999999999997));
#3345=CARTESIAN_POINT('',(-3.07172505882847E-14,6.81279999999983,3.9999999999997));
#3346=CARTESIAN_POINT('',(0.790451293012694,6.81279999999982,3.9999999999997));
#3347=CARTESIAN_POINT('',(1.55791696514334,6.95313081284158,3.9999999999997));
#3348=CARTESIAN_POINT('',(2.30940107675891,7.17006558990807,3.9999999999997));
#3349=CARTESIAN_POINT('',(0.,6.8128,3.9999999999997));
#3350=CARTESIAN_POINT('',(0.,6.81280000000001,-1.69267004373725E-14));
#3351=CARTESIAN_POINT('',(0.,6.81280000000001,-1.69267004373725E-14));
#3352=CARTESIAN_POINT('',(-3.4641016151377,6.81279999999996,-1.99999999999994));
#3353=CARTESIAN_POINT('',(-3.85608576013187,6.81279999999996,-1.32106354510858));
#3354=CARTESIAN_POINT('',(-4.24195803535135,6.95249453684221,-0.65271315919623));
#3355=CARTESIAN_POINT('',(-4.61880215351694,7.17006558990761,6.99732077249915E-14));
#3356=CARTESIAN_POINT('',(-4.6188021535169,7.1700655899081,0.));
#3357=CARTESIAN_POINT('',(0.,6.81280000000001,-1.69267004373725E-14));
#3358=CARTESIAN_POINT('',(-3.46410161513777,6.81280000000001,1.99999999999999));
#3359=CARTESIAN_POINT('',(-4.61880215351697,7.17006558990718,-1.13973225457226E-13));
#3360=CARTESIAN_POINT('',(-4.24101525012072,6.95195021953507,0.654346111116311));
#3361=CARTESIAN_POINT('',(-3.857556137907,6.81279999999996,1.31851677609573));
#3362=CARTESIAN_POINT('',(-3.4641016151377,6.81279999999995,1.99999999999994));
#3363=CARTESIAN_POINT('',(0.,6.81280000000001,-1.69267004373725E-14));
#3364=CARTESIAN_POINT('',(-2.30940107675863,7.17006558990796,3.9999999999997));
#3365=CARTESIAN_POINT('',(-1.55698579460659,6.95286200706154,3.9999999999997));
#3366=CARTESIAN_POINT('',(-0.790901741173729,6.81279999999983,3.9999999999997));
#3367=CARTESIAN_POINT('',(-3.24519707716949E-14,6.81279999999983,3.9999999999997));
#3368=CARTESIAN_POINT('',(-2.3094010767586,7.1700655899081,3.9999999999997));
#3369=CARTESIAN_POINT('',(-3.4641016151377,6.81279999999995,1.99999999999994));
#3370=CARTESIAN_POINT('',(-3.07211747014356,6.81279999999995,2.67893645489125));
#3371=CARTESIAN_POINT('',(-2.68624519492411,6.95249453684218,3.34728684080353));
#3372=CARTESIAN_POINT('',(-2.30940107675855,7.17006558990755,3.99999999999978));
#3373=CARTESIAN_POINT('',(0.,6.81280000000001,-1.69267004373725E-14));
#3374=CARTESIAN_POINT('',(0.,6.8128,3.175));
#3375=CARTESIAN_POINT('',(-2.3094010767586,6.8128,-3.9999999999997));
#3376=CARTESIAN_POINT('',(-4.6188021535169,6.8128,0.));
#3377=CARTESIAN_POINT('',(-4.6188021535169,8.45553441009192,0.));
#3378=CARTESIAN_POINT('',(-4.61880215351696,8.45553441009279,1.07675838242495E-13));
#3379=CARTESIAN_POINT('',(-4.24101525012072,8.6736497804649,-0.654346111116318));
#3380=CARTESIAN_POINT('',(-3.857556137907,8.81280000000002,-1.31851677609574));
#3381=CARTESIAN_POINT('',(-3.46410161513769,8.81280000000002,-1.99999999999995));
#3382=CARTESIAN_POINT('',(-3.46410161513769,8.8128,-1.99999999999995));
#3383=CARTESIAN_POINT('',(-3.46410161513769,8.81280000000002,-1.99999999999995));
#3384=CARTESIAN_POINT('',(-3.07211747014356,8.81280000000002,-2.67893645489124));
#3385=CARTESIAN_POINT('',(-2.68624519492412,8.6731054631578,-3.34728684080353));
#3386=CARTESIAN_POINT('',(-2.30940107675856,8.45553441009245,-3.99999999999976));
#3387=CARTESIAN_POINT('',(-2.3094010767586,8.455534410092,-3.9999999999997));
#3388=CARTESIAN_POINT('',(-2.3094010767586,6.8128,-3.9999999999997));
#3389=CARTESIAN_POINT('',(2.3094010767589,6.8128,-3.9999999999997));
#3390=CARTESIAN_POINT('',(-2.30940107675861,8.45553441009204,-3.9999999999997));
#3391=CARTESIAN_POINT('',(-1.55698579460658,8.67273799293845,-3.9999999999997));
#3392=CARTESIAN_POINT('',(-0.790901741173716,8.81280000000015,-3.9999999999997));
#3393=CARTESIAN_POINT('',(-2.762673834489E-14,8.81280000000015,-3.9999999999997));
#3394=CARTESIAN_POINT('',(0.,8.8128,-3.9999999999997));
#3395=CARTESIAN_POINT('',(-2.762673834489E-14,8.81280000000015,-3.9999999999997));
#3396=CARTESIAN_POINT('',(0.790451293012691,8.81280000000016,-3.9999999999997));
#3397=CARTESIAN_POINT('',(1.55791696514334,8.6724691871584,-3.9999999999997));
#3398=CARTESIAN_POINT('',(2.3094010767589,8.45553441009192,-3.9999999999997));
#3399=CARTESIAN_POINT('',(2.3094010767589,8.45553441009192,-3.9999999999997));
#3400=CARTESIAN_POINT('',(2.3094010767589,6.8128,-3.9999999999997));
#3401=CARTESIAN_POINT('',(4.6188021535174,6.8128,-2.67785793539588E-13));
#3402=CARTESIAN_POINT('',(2.30940107675884,8.45553441009278,-3.99999999999981));
#3403=CARTESIAN_POINT('',(2.68718798015504,8.67364978046477,-3.34565388888357));
#3404=CARTESIAN_POINT('',(3.0706470923687,8.81279999999979,-2.68148322390435));
#3405=CARTESIAN_POINT('',(3.46410161513793,8.81279999999978,-2.00000000000036));
#3406=CARTESIAN_POINT('',(3.46410161513792,8.8128,-2.00000000000039));
#3407=CARTESIAN_POINT('',(3.46410161513793,8.81279999999978,-2.00000000000036));
#3408=CARTESIAN_POINT('',(3.85608576013219,8.81279999999978,-1.32106354510896));
#3409=CARTESIAN_POINT('',(4.24195803535176,8.6731054631575,-0.652713159196549));
#3410=CARTESIAN_POINT('',(4.61880215351744,8.45553441009208,-2.04854418262772E-13));
#3411=CARTESIAN_POINT('',(4.6188021535174,8.45553441009164,-2.68014777038417E-13));
#3412=CARTESIAN_POINT('',(4.6188021535174,6.8128,-2.68014777038417E-13));
#3413=CARTESIAN_POINT('',(2.3094010767589,6.8128,3.9999999999997));
#3414=CARTESIAN_POINT('',(4.61880215351746,8.4555344100925,-3.75690332385142E-13));
#3415=CARTESIAN_POINT('',(4.24101525012113,8.67364978046468,0.654346111116191));
#3416=CARTESIAN_POINT('',(3.85755613790732,8.81279999999984,1.31851677609576));
#3417=CARTESIAN_POINT('',(3.46410161513792,8.81279999999984,2.00000000000012));
#3418=CARTESIAN_POINT('',(3.46410161513793,8.8128,2.0000000000001));
#3419=CARTESIAN_POINT('',(3.46410161513792,8.81279999999984,2.00000000000012));
#3420=CARTESIAN_POINT('',(3.07211747014381,8.81279999999983,2.67893645489136));
#3421=CARTESIAN_POINT('',(2.6862451949244,8.67310546315764,3.34728684080358));
#3422=CARTESIAN_POINT('',(2.30940107675886,8.45553441009232,3.99999999999976));
#3423=CARTESIAN_POINT('',(2.3094010767589,8.45553441009188,3.9999999999997));
#3424=CARTESIAN_POINT('',(2.3094010767589,6.8128,3.9999999999997));
#3425=CARTESIAN_POINT('',(-2.3094010767586,6.8128,3.9999999999997));
#3426=CARTESIAN_POINT('',(2.30940107675891,8.45553441009191,3.9999999999997));
#3427=CARTESIAN_POINT('',(1.55698579460678,8.67273799293837,3.9999999999997));
#3428=CARTESIAN_POINT('',(0.790901741173815,8.81280000000011,3.9999999999997));
#3429=CARTESIAN_POINT('',(1.76883208241979E-14,8.81280000000011,3.9999999999997));
#3430=CARTESIAN_POINT('',(0.,8.8128,3.9999999999997));
#3431=CARTESIAN_POINT('',(2.0290412636221E-14,8.81280000000011,3.9999999999997));
#3432=CARTESIAN_POINT('',(-0.790451293012594,8.81280000000011,3.9999999999997));
#3433=CARTESIAN_POINT('',(-1.55791696514313,8.6724691871584,3.9999999999997));
#3434=CARTESIAN_POINT('',(-2.3094010767586,8.45553441009196,3.9999999999997));
#3435=CARTESIAN_POINT('',(-2.3094010767586,8.45553441009196,3.9999999999997));
#3436=CARTESIAN_POINT('',(-2.3094010767586,6.8128,3.9999999999997));
#3437=CARTESIAN_POINT('',(-4.6188021535169,6.8128,0.));
#3438=CARTESIAN_POINT('',(-2.30940107675854,8.45553441009283,3.99999999999981));
#3439=CARTESIAN_POINT('',(-2.68718798015475,8.67364978046491,3.34565388888344));
#3440=CARTESIAN_POINT('',(-3.07064709236844,8.8128,2.68148322390408));
#3441=CARTESIAN_POINT('',(-3.4641016151377,8.8128,1.99999999999993));
#3442=CARTESIAN_POINT('',(-3.4641016151377,8.81280000000001,1.99999999999993));
#3443=CARTESIAN_POINT('',(-3.4641016151377,8.8128,1.99999999999993));
#3444=CARTESIAN_POINT('',(-3.85608576013187,8.8128,1.32106354510858));
#3445=CARTESIAN_POINT('',(-4.24195803535135,8.67310546315776,0.652713159196232));
#3446=CARTESIAN_POINT('',(-4.61880215351694,8.45553441009236,-6.43674229116931E-14));
#3447=CARTESIAN_POINT('',(0.635000000000755,14.0927999999993,0.));
#3448=CARTESIAN_POINT('',(0.635000000000011,14.0927999999993,0.));
#3449=CARTESIAN_POINT('',(0.44500000000001,14.0927999999993,0.));
#3450=CARTESIAN_POINT('',(-0.634999999999241,14.0927999999992,0.));
#3451=CARTESIAN_POINT('',(-0.634999999999989,14.0927999999993,0.));
#3452=CARTESIAN_POINT('',(-0.82499999999999,14.0927999999993,0.));
#3453=CARTESIAN_POINT('',(0.63500000000001,14.2828,0.));
#3454=CARTESIAN_POINT('',(0.63500000000002,11.6728,0.));
#3455=CARTESIAN_POINT('',(0.63500000000002,11.6728,-0.190000000000005));
#3456=CARTESIAN_POINT('',(-0.63499999999999,14.2828,0.));
#3457=CARTESIAN_POINT('',(-0.63499999999998,11.6728,0.));
#3458=CARTESIAN_POINT('',(-0.63499999999998,11.6728,-0.190000000000005));
#3459=CARTESIAN_POINT('',(0.,11.6728,1.575));
#3460=CARTESIAN_POINT('',(0.,11.6728,1.91052460931626E-29));
#3461=CARTESIAN_POINT('',(0.,11.6728,1.575));
#3462=CARTESIAN_POINT('',(0.,11.6728,0.));
#3463=CARTESIAN_POINT('',(-0.430980190464289,14.557453863529,-1.514886489288));
#3464=CARTESIAN_POINT('',(-0.397502130264232,14.4883146142086,-1.52441088657019));
#3465=CARTESIAN_POINT('',(-0.38,14.4125943063736,-1.52847145868019));
#3466=CARTESIAN_POINT('',(-0.380000000000001,14.3351909236284,-1.52847145868019));
#3467=CARTESIAN_POINT('',(-0.430980190464289,14.557453863529,-1.514886489288));
#3468=CARTESIAN_POINT('',(-0.380000000000001,14.3351909236284,-1.5284714586802));
#3469=CARTESIAN_POINT('',(0.,14.557453863529,1.00468460521533E-14));
#3470=CARTESIAN_POINT('',(0.430980190464289,14.557453863529,-1.514886489288));
#3471=CARTESIAN_POINT('',(0.38,14.3351909236284,-1.52847145868019));
#3472=CARTESIAN_POINT('',(0.379999999999999,14.4125930218843,-1.52847145868019));
#3473=CARTESIAN_POINT('',(0.39750296975108,14.4883163479262,-1.52441064773952));
#3474=CARTESIAN_POINT('',(0.430980190464151,14.5574538635291,-1.51488648928861));
#3475=CARTESIAN_POINT('',(0.38,14.3351909236284,-1.52847145868019));
#3476=CARTESIAN_POINT('',(0.38,11.6728,-1.5284714586802));
#3477=CARTESIAN_POINT('',(0.38,12.2628,-1.5284714586802));
#3478=CARTESIAN_POINT('',(0.38,12.2628,-1.5284714586802));
#3479=CARTESIAN_POINT('',(0.38,12.0611950714247,-1.5284714586802));
#3480=CARTESIAN_POINT('',(0.00066484329388594,11.7044073837152,-1.62152847115836));
#3481=CARTESIAN_POINT('',(-0.380000000000012,12.0611907427458,-1.52847145868033));
#3482=CARTESIAN_POINT('',(-0.38000000000001,12.2628,-1.52847145868033));
#3483=CARTESIAN_POINT('',(-0.38,12.2628,-1.5284714586802));
#3484=CARTESIAN_POINT('',(-0.38,11.6728,-1.5284714586802));
#3485=CARTESIAN_POINT('',(0.,14.9828,1.15282671703093E-14));
#3486=CARTESIAN_POINT('',(-0.44832704406923,14.5901909236258,-1.51586421799783));
#3487=CARTESIAN_POINT('',(-0.442145687531711,14.5794845000431,-1.51572372887694));
#3488=CARTESIAN_POINT('',(-0.436363771101785,14.5685720920556,-1.51539311613582));
#3489=CARTESIAN_POINT('',(-0.430980190464286,14.557453863529,-1.51488648928799));
#3490=CARTESIAN_POINT('',(-0.448327044069229,14.5901909236258,-1.51586421799783));
#3491=CARTESIAN_POINT('',(-0.486323487507765,14.6560026941682,1.13679918332828E-14));
#3492=CARTESIAN_POINT('',(-0.675000000000154,14.9828,-1.50561449249126));
#3493=CARTESIAN_POINT('',(0.,14.9828,1.15282671703093E-14));
#3494=CARTESIAN_POINT('',(0.675000000000154,14.9828,-1.50561449249126));
#3495=CARTESIAN_POINT('',(0.486323487507765,14.6560026941682,1.13679918332828E-14));
#3496=CARTESIAN_POINT('',(0.448327044069229,14.5901909236258,-1.51586421799783));
#3497=CARTESIAN_POINT('',(0.430980190464286,14.557453863529,-1.51488648928799));
#3498=CARTESIAN_POINT('',(0.436363771101785,14.5685720920556,-1.51539311613582));
#3499=CARTESIAN_POINT('',(0.442145687531712,14.5794845000431,-1.51572372887694));
#3500=CARTESIAN_POINT('',(0.44832704406923,14.5901909236258,-1.51586421799783));
#3501=CARTESIAN_POINT('',(-2.79,10.4628,0.));
#3502=CARTESIAN_POINT('',(-2.79,10.4628,0.));
#3503=CARTESIAN_POINT('',(-2.79,10.4628,-0.25));
#3504=CARTESIAN_POINT('',(0.448327044069229,14.5901909236258,-1.9699999764327));
#3505=CARTESIAN_POINT('',(0.448327044069229,14.5901909236258,-1.9699999764327));
#3506=CARTESIAN_POINT('',(0.448327044069229,14.5901909236258,-1.91830729070086));
#3507=CARTESIAN_POINT('',(0.675000000000147,14.9828,1.97));
#3508=CARTESIAN_POINT('',(0.675000000000155,14.9828,-1.85074984803449));
#3509=CARTESIAN_POINT('',(0.,13.8136657048906,7.45633589780396E-15));
#3510=CARTESIAN_POINT('',(0.889999999994813,14.3351909236284,-1.9699999764327));
#3511=CARTESIAN_POINT('',(0.448327044069229,14.5901909236258,-1.91830729070086));
#3512=CARTESIAN_POINT('',(0.403708023098982,14.5129085123213,-1.92873518923298));
#3513=CARTESIAN_POINT('',(0.379999999999999,14.4250340891057,-1.93300284531605));
#3514=CARTESIAN_POINT('',(0.38,14.3351909236284,-1.93300284531605));
#3515=CARTESIAN_POINT('',(0.38,14.3351909236284,-1.93300284531605));
#3516=CARTESIAN_POINT('',(0.38,14.3351909236284,-1.9699999764327));
#3517=CARTESIAN_POINT('',(0.38,12.2628,-1.9699999764327));
#3518=CARTESIAN_POINT('',(0.38,12.2628,-1.9699999764327));
#3519=CARTESIAN_POINT('',(0.38,12.2628,-1.93300284531605));
#3520=CARTESIAN_POINT('',(0.38,11.6728,-1.93300284531606));
#3521=CARTESIAN_POINT('',(-2.71050543121376E-17,12.2628,-1.9699999764327));
#3522=CARTESIAN_POINT('',(-0.38,12.2628,-1.9699999764327));
#3523=CARTESIAN_POINT('',(-0.38,12.2628,-1.93300284531606));
#3524=CARTESIAN_POINT('',(-0.38,12.2628,-1.93300284531606));
#3525=CARTESIAN_POINT('',(-0.38,12.0614838000853,-1.93300284531606));
#3526=CARTESIAN_POINT('',(-0.000609442884001574,11.7041169353889,-2.00699710754932));
#3527=CARTESIAN_POINT('',(0.380000000000002,12.0614828178483,-1.93300284531607));
#3528=CARTESIAN_POINT('',(0.380000000000001,12.2628,-1.93300284531607));
#3529=CARTESIAN_POINT('',(-0.38,14.3351909236284,-1.9699999764327));
#3530=CARTESIAN_POINT('',(-0.380000000000001,14.3351909236284,-1.9699999764327));
#3531=CARTESIAN_POINT('',(-0.380000000000001,14.3351909236284,-1.93300284531605));
#3532=CARTESIAN_POINT('',(-0.38,11.6728,-1.93300284531606));
#3533=CARTESIAN_POINT('',(-0.889999999994826,14.3351909236284,-1.9699999764327));
#3534=CARTESIAN_POINT('',(-0.380000000000001,14.3351909236284,-1.93300284531605));
#3535=CARTESIAN_POINT('',(-0.38,14.4250330225262,-1.93300284531605));
#3536=CARTESIAN_POINT('',(-0.403708675672305,14.5129096426115,-1.92873503672026));
#3537=CARTESIAN_POINT('',(-0.448327044069229,14.5901909236258,-1.91830729070086));
#3538=CARTESIAN_POINT('',(-0.448327044069229,14.5901909236258,-1.91830729070086));
#3539=CARTESIAN_POINT('',(-0.448327044069229,14.5901909236258,-1.9699999764327));
#3540=CARTESIAN_POINT('',(-0.99493228847944,15.536938978628,-1.9699999764327));
#3541=CARTESIAN_POINT('',(-0.675000000000147,14.9828,1.97));
#3542=CARTESIAN_POINT('',(-0.675000000000155,14.9828,-1.85074984803449));
#3543=CARTESIAN_POINT('',(0.,13.8136657048906,7.45633589780396E-15));
#3544=CARTESIAN_POINT('',(0.,14.9828,1.97));
#3545=CARTESIAN_POINT('',(0.,14.9828,1.15282671703093E-14));
#3546=CARTESIAN_POINT('',(2.79,10.7128,0.));
#3547=CARTESIAN_POINT('',(2.79,10.4628,0.));
#3548=CARTESIAN_POINT('',(2.79,10.4628,-0.25));
#3549=CARTESIAN_POINT('',(-2.79,10.4628,0.));
#3550=CARTESIAN_POINT('',(-2.69,10.4628,0.));
#3551=CARTESIAN_POINT('',(-2.69,10.4628,-0.35));
#3552=CARTESIAN_POINT('',(0.,11.6728,0.));
#3553=CARTESIAN_POINT('',(0.,11.6828,3.48286017230113E-17));
#3554=CARTESIAN_POINT('',(0.,11.6828,1.97));
#3555=CARTESIAN_POINT('',(2.69,10.4628,0.));
#3556=CARTESIAN_POINT('',(2.69,10.4628,0.));
#3557=CARTESIAN_POINT('',(2.69,10.4628,-0.35));
#3558=CARTESIAN_POINT('',(2.79,10.4628,0.));
#3559=CARTESIAN_POINT('',(-2.2,10.4628,0.));
#3560=CARTESIAN_POINT('',(-2.2,10.4628,0.35));
#3561=CARTESIAN_POINT('',(0.,11.6828,2.35));
#3562=CARTESIAN_POINT('',(0.,11.6828,3.48286017230159E-17));
#3563=CARTESIAN_POINT('',(0.,11.6828,2.35));
#3564=CARTESIAN_POINT('',(2.79,10.4628,0.));
#3565=CARTESIAN_POINT('',(2.2,10.4628,0.));
#3566=CARTESIAN_POINT('',(2.2,10.4628,-0.35));
#3567=CARTESIAN_POINT('',(-2.2,10.4628,0.));
#3568=CARTESIAN_POINT('',(-2.2,10.1401262393487,0.677038879375698));
#3569=CARTESIAN_POINT('',(-2.2,10.3439879762464,0.582864461799645));
#3570=CARTESIAN_POINT('',(-2.2,10.5837853896444,0.583868453377968));
#3571=CARTESIAN_POINT('',(-2.2,10.7854737606505,0.677038879375327));
#3572=CARTESIAN_POINT('',(-2.2,10.1401262393492,0.677038879376528));
#3573=CARTESIAN_POINT('',(-2.2,10.7854737606496,0.677038879377073));
#3574=CARTESIAN_POINT('',(-2.2,10.4628,0.));
#3575=CARTESIAN_POINT('',(-2.2,10.7854737606508,-0.677038879376525));
#3576=CARTESIAN_POINT('',(-2.2,10.7854737606513,-0.677038879375693));
#3577=CARTESIAN_POINT('',(-2.2,10.5816120237536,-0.582864461799642));
#3578=CARTESIAN_POINT('',(-2.2,10.3418146103556,-0.583868453377979));
#3579=CARTESIAN_POINT('',(-2.2,10.1401262393495,-0.677038879375338));
#3580=CARTESIAN_POINT('',(-2.2,10.1401262393504,-0.677038879377086));
#3581=CARTESIAN_POINT('',(-2.2,10.4628,0.));
#3582=CARTESIAN_POINT('',(-2.34999998666251,10.4628,0.));
#3583=CARTESIAN_POINT('',(-2.30013586555231,11.0378,-0.481534007106384));
#3584=CARTESIAN_POINT('',(-2.2653979953196,10.9686677006037,-0.564084920575136));
#3585=CARTESIAN_POINT('',(-2.22856144504697,10.8843592929033,-0.629910468384286));
#3586=CARTESIAN_POINT('',(-2.19999999999945,10.7854737606515,-0.677038879377554));
#3587=CARTESIAN_POINT('',(-2.30013586555231,11.0378,-0.481534007106384));
#3588=CARTESIAN_POINT('',(-2.19999999999939,10.7854737606498,0.677038879376991));
#3589=CARTESIAN_POINT('',(-2.2285784476345,10.8844181593188,0.62988241290769));
#3590=CARTESIAN_POINT('',(-2.26539063287788,10.9686530485102,0.564102416647548));
#3591=CARTESIAN_POINT('',(-2.30013586555231,11.0378000000001,0.481534007106492));
#3592=CARTESIAN_POINT('',(-2.30013586555231,11.0378,0.481534007106388));
#3593=CARTESIAN_POINT('',(-2.30013586555231,11.0378,0.481534007106388));
#3594=CARTESIAN_POINT('',(-2.32815277745217,11.1498742676572,0.347706067746204));
#3595=CARTESIAN_POINT('',(-2.3718457155025,11.2757197269299,0.000493673124442833));
#3596=CARTESIAN_POINT('',(-2.32815573819285,11.1498861113195,-0.347691925223136));
#3597=CARTESIAN_POINT('',(-2.30013586555231,11.0378,-0.481534007106386));
#3598=CARTESIAN_POINT('',(0.,11.6728,0.));
#3599=CARTESIAN_POINT('',(2.3001358655523,11.0378,-0.481534007106446));
#3600=CARTESIAN_POINT('',(2.32815277745217,11.1498742676572,-0.34770606774625));
#3601=CARTESIAN_POINT('',(2.37184571550251,11.27571972693,-0.000493673124437628));
#3602=CARTESIAN_POINT('',(2.32815573819284,11.1498861113195,0.347691925223192));
#3603=CARTESIAN_POINT('',(2.3001358655523,11.0378,0.481534007106452));
#3604=CARTESIAN_POINT('',(2.3001358655523,11.0378,-0.481534007106446));
#3605=CARTESIAN_POINT('',(2.3001358655523,11.0378,0.48153400710645));
#3606=CARTESIAN_POINT('',(0.,11.0378,-2.21161620940977E-15));
#3607=CARTESIAN_POINT('',(0.,11.0378,-2.21161620940977E-15));
#3608=CARTESIAN_POINT('',(2.34999998666251,10.4628,0.));
#3609=CARTESIAN_POINT('',(2.3001358655523,11.0378,0.481534007106451));
#3610=CARTESIAN_POINT('',(2.26539799531959,10.9686677006037,0.564084920575179));
#3611=CARTESIAN_POINT('',(2.22856144504697,10.8843592929034,0.629910468384311));
#3612=CARTESIAN_POINT('',(2.19999999999945,10.7854737606516,0.677038879377573));
#3613=CARTESIAN_POINT('',(2.2,10.7854737606508,0.677038879376544));
#3614=CARTESIAN_POINT('',(2.2,10.4628,0.));
#3615=CARTESIAN_POINT('',(2.2,10.7854737606497,-0.6770388793771));
#3616=CARTESIAN_POINT('',(2.19999999999939,10.7854737606498,-0.677038879377017));
#3617=CARTESIAN_POINT('',(2.2285784476345,10.8844181593188,-0.62988241290772));
#3618=CARTESIAN_POINT('',(2.26539063287787,10.9686530485102,-0.564102416647589));
#3619=CARTESIAN_POINT('',(2.3001358655523,11.0378000000001,-0.481534007106549));
#3620=CARTESIAN_POINT('',(2.2,10.4628,0.));
#3621=CARTESIAN_POINT('',(2.2,10.7854737606513,0.677038879375714));
#3622=CARTESIAN_POINT('',(2.2,10.5816120237536,0.58286446179964));
#3623=CARTESIAN_POINT('',(2.2,10.3418146103556,0.583868453377968));
#3624=CARTESIAN_POINT('',(2.2,10.1401262393495,0.677038879375352));
#3625=CARTESIAN_POINT('',(2.2,10.1401262393503,0.677038879377101));
#3626=CARTESIAN_POINT('',(2.2,10.4628,0.));
#3627=CARTESIAN_POINT('',(2.2,10.1401262393492,-0.677038879376556));
#3628=CARTESIAN_POINT('',(2.2,10.1401262393487,-0.677038879375725));
#3629=CARTESIAN_POINT('',(2.2,10.3439879762464,-0.582864461799651));
#3630=CARTESIAN_POINT('',(2.2,10.5837853896444,-0.583868453377974));
#3631=CARTESIAN_POINT('',(2.2,10.7854737606505,-0.67703887937535));
#3632=CARTESIAN_POINT('',(0.,10.4628,-4.33680868994202E-15));
#3633=CARTESIAN_POINT('',(2.3001358655523,9.88780000000001,-0.481534007106468));
#3634=CARTESIAN_POINT('',(2.26539799531959,9.95693229939635,-0.564084920575195));
#3635=CARTESIAN_POINT('',(2.22856144504697,10.0412407070967,-0.629910468384326));
#3636=CARTESIAN_POINT('',(2.19999999999945,10.1401262393485,-0.677038879377585));
#3637=CARTESIAN_POINT('',(2.3001358655523,9.88780000000001,-0.481534007106469));
#3638=CARTESIAN_POINT('',(0.,9.88780000000001,-6.21690540755348E-15));
#3639=CARTESIAN_POINT('',(-2.30013586555231,9.88780000000001,-0.481534007106406));
#3640=CARTESIAN_POINT('',(-2.19999999999939,10.1401262393502,-0.677038879377003));
#3641=CARTESIAN_POINT('',(-2.2285784476345,10.0411818406812,-0.629882412907705));
#3642=CARTESIAN_POINT('',(-2.26539063287788,9.95694695148983,-0.564102416647564));
#3643=CARTESIAN_POINT('',(-2.30013586555232,9.8877999999999,-0.48153400710651));
#3644=CARTESIAN_POINT('',(-2.34999998666251,10.4628,0.));
#3645=CARTESIAN_POINT('',(-2.30013586555231,9.88780000000001,0.481534007106402));
#3646=CARTESIAN_POINT('',(-2.2653979953196,9.95693229939635,0.564084920575147));
#3647=CARTESIAN_POINT('',(-2.22856144504697,10.0412407070967,0.629910468384292));
#3648=CARTESIAN_POINT('',(-2.19999999999945,10.1401262393485,0.677038879377557));
#3649=CARTESIAN_POINT('',(-2.30013586555231,9.88780000000001,0.481534007106403));
#3650=CARTESIAN_POINT('',(-2.30013586555231,9.88780000000001,-0.481534007106407));
#3651=CARTESIAN_POINT('',(-2.32815277745218,9.77572573234279,-0.34770606774622));
#3652=CARTESIAN_POINT('',(-2.37184571550251,9.64988027307008,-0.000493673124442778));
#3653=CARTESIAN_POINT('',(-2.32815573819285,9.77571388868052,0.347691925223153));
#3654=CARTESIAN_POINT('',(-2.30013586555231,9.88780000000001,0.481534007106404));
#3655=CARTESIAN_POINT('',(0.,10.4628,-4.33680868994202E-15));
#3656=CARTESIAN_POINT('',(0.,9.88780000000001,-6.21690540755348E-15));
#3657=CARTESIAN_POINT('',(2.3001358655523,9.88780000000001,0.481534007106464));
#3658=CARTESIAN_POINT('',(2.19999999999939,10.1401262393502,0.677038879377019));
#3659=CARTESIAN_POINT('',(2.22857844763449,10.0411818406812,0.629882412907726));
#3660=CARTESIAN_POINT('',(2.26539063287787,9.95694695148981,0.5641024166476));
#3661=CARTESIAN_POINT('',(2.3001358655523,9.8877999999999,0.481534007106568));
#3662=CARTESIAN_POINT('',(2.34999998666251,10.4628,0.));
#3663=CARTESIAN_POINT('',(2.3001358655523,9.88780000000001,0.481534007106465));
#3664=CARTESIAN_POINT('',(2.32815277745217,9.77572573234276,0.347706067746266));
#3665=CARTESIAN_POINT('',(2.37184571550251,9.64988027307002,0.000493673124436897));
#3666=CARTESIAN_POINT('',(2.32815573819284,9.77571388868049,-0.347691925223206));
#3667=CARTESIAN_POINT('',(2.3001358655523,9.88780000000001,-0.48153400710647));
#3668=CARTESIAN_POINT('',(0.,11.6728,0.));
#3669=CARTESIAN_POINT('',(0.,8.81280000000001,-9.96098009277478E-15));
#3670=CARTESIAN_POINT('',(0.,8.8128,2.35));
#3671=CARTESIAN_POINT('',(0.,8.45553441009192,-1.12052861867985E-14));
#3672=CARTESIAN_POINT('',(0.,8.81280000000001,-9.96098009277476E-15));
#3673=CARTESIAN_POINT('',(0.,8.45553441009192,-1.12052861867985E-14));
#3674=CARTESIAN_POINT('',(0.,8.81280000000001,-9.96098009277476E-15));
#3675=CARTESIAN_POINT('',(0.,8.45553441009192,-1.12052861867985E-14));
#3676=CARTESIAN_POINT('',(0.,8.81280000000001,-9.96098009277476E-15));
#3677=CARTESIAN_POINT('',(0.,8.45553441009192,-1.12052861867985E-14));
#3678=CARTESIAN_POINT('',(0.,8.81280000000001,-9.96098009277476E-15));
#3679=CARTESIAN_POINT('',(0.,8.45553441009192,-1.12052861867985E-14));
#3680=CARTESIAN_POINT('',(0.,8.81280000000001,-9.96098009277476E-15));
#3681=CARTESIAN_POINT('',(0.,8.8128,3.9999999999999));
#3682=CARTESIAN_POINT('',(0.,8.81280000000001,-9.96098009277476E-15));
#3683=CARTESIAN_POINT('',(0.,8.45553441009192,-1.12052861867985E-14));
#3684=CARTESIAN_POINT('',(0.,6.0128,0.));
#3685=CARTESIAN_POINT('',(0.,6.0128,-1.97129885752117E-14));
#3686=CARTESIAN_POINT('',(0.,6.0128,3.175));
#3687=CARTESIAN_POINT('',(0.,6.0128,0.));
#3688=CARTESIAN_POINT('',(0.,6.0128,5.075));
#3689=CARTESIAN_POINT('',(0.,6.5128,0.));
#3690=CARTESIAN_POINT('',(0.,6.5128,0.));
#3691=CARTESIAN_POINT('',(0.,6.5128,5.075));
#3692=CARTESIAN_POINT('',(5.075,6.5128,0.));
#3693=CARTESIAN_POINT('',(1.525,-3.0422,-6.633));
#3694=CARTESIAN_POINT('',(1.525,-3.0422,-3.933));
#3695=CARTESIAN_POINT('',(1.525,-3.0422,-3.933));
#3696=CARTESIAN_POINT('',(1.525,-3.5522,-3.933));
#3697=CARTESIAN_POINT('',(1.525,-3.5522,-6.633));
#3698=CARTESIAN_POINT('',(1.525,-3.5522,-6.633));
#3699=CARTESIAN_POINT('',(1.525,-3.0422,-6.633));
#3700=CARTESIAN_POINT('',(1.525,-3.0422,-6.633));
#3701=CARTESIAN_POINT('',(1.525,-3.0422,-6.633));
#3702=CARTESIAN_POINT('',(1.525,-3.5522,-6.633));
#3703=CARTESIAN_POINT('',(1.525,-3.5522,-3.933));
#3704=CARTESIAN_POINT('',(1.015,-3.5522,-3.933));
#3705=CARTESIAN_POINT('',(1.015,-3.5522,-6.633));
#3706=CARTESIAN_POINT('',(1.015,-3.5522,-6.633));
#3707=CARTESIAN_POINT('',(1.525,-3.5522,-6.633));
#3708=CARTESIAN_POINT('',(1.015,-0.5022,-6.633));
#3709=CARTESIAN_POINT('',(1.015,-0.5022,-3.933));
#3710=CARTESIAN_POINT('',(1.015,-0.5022,-3.933));
#3711=CARTESIAN_POINT('',(1.525,-0.5022,-3.933));
#3712=CARTESIAN_POINT('',(1.525,-0.5022,-6.633));
#3713=CARTESIAN_POINT('',(1.525,-0.5022,-6.633));
#3714=CARTESIAN_POINT('',(1.015,-0.5022,-6.633));
#3715=CARTESIAN_POINT('',(1.015,-0.5022,-6.633));
#3716=CARTESIAN_POINT('',(1.015,-0.5022,-6.633));
#3717=CARTESIAN_POINT('',(1.525,-0.5022,-6.633));
#3718=CARTESIAN_POINT('',(1.525,-0.5022,-3.933));
#3719=CARTESIAN_POINT('',(1.525,-1.0122,-3.933));
#3720=CARTESIAN_POINT('',(1.525,-1.0122,-6.633));
#3721=CARTESIAN_POINT('',(1.525,-1.0122,-6.633));
#3722=CARTESIAN_POINT('',(1.525,-0.5022,-6.633));
#3723=CARTESIAN_POINT('',(-1.015,-3.5522,-6.633));
#3724=CARTESIAN_POINT('',(-1.015,-3.5522,-3.933));
#3725=CARTESIAN_POINT('',(-1.015,-3.5522,-3.933));
#3726=CARTESIAN_POINT('',(-1.525,-3.5522,-3.933));
#3727=CARTESIAN_POINT('',(-1.525,-3.5522,-6.633));
#3728=CARTESIAN_POINT('',(-1.525,-3.5522,-6.633));
#3729=CARTESIAN_POINT('',(-1.015,-3.5522,-6.633));
#3730=CARTESIAN_POINT('',(-1.015,-3.5522,-6.633));
#3731=CARTESIAN_POINT('',(-1.015,-3.5522,-6.633));
#3732=CARTESIAN_POINT('',(-1.525,-3.5522,-6.633));
#3733=CARTESIAN_POINT('',(-1.525,-3.5522,-3.933));
#3734=CARTESIAN_POINT('',(-1.525,-3.0422,-3.933));
#3735=CARTESIAN_POINT('',(-1.525,-3.0422,-6.633));
#3736=CARTESIAN_POINT('',(-1.525,-3.0422,-6.633));
#3737=CARTESIAN_POINT('',(-1.525,-3.5522,-6.633));
#3738=CARTESIAN_POINT('',(-1.525,-1.0122,-6.633));
#3739=CARTESIAN_POINT('',(-1.525,-1.0122,-3.933));
#3740=CARTESIAN_POINT('',(-1.525,-1.0122,-3.933));
#3741=CARTESIAN_POINT('',(-1.525,-0.5022,-3.933));
#3742=CARTESIAN_POINT('',(-1.525,-0.5022,-6.633));
#3743=CARTESIAN_POINT('',(-1.525,-0.5022,-6.633));
#3744=CARTESIAN_POINT('',(-1.525,-1.0122,-6.633));
#3745=CARTESIAN_POINT('',(-1.525,-1.0122,-6.633));
#3746=CARTESIAN_POINT('',(-1.525,-1.0122,-6.633));
#3747=CARTESIAN_POINT('',(-1.525,-0.5022,-6.633));
#3748=CARTESIAN_POINT('',(-1.525,-0.5022,-3.933));
#3749=CARTESIAN_POINT('',(-1.015,-0.5022,-3.933));
#3750=CARTESIAN_POINT('',(-1.015,-0.5022,-6.633));
#3751=CARTESIAN_POINT('',(-1.015,-0.5022,-6.633));
#3752=CARTESIAN_POINT('',(-1.525,-0.5022,-6.633));
#3753=CARTESIAN_POINT('',(1.015,-3.5522,-6.633));
#3754=CARTESIAN_POINT('',(1.015,-3.5522,-3.933));
#3755=CARTESIAN_POINT('',(1.015,-3.1653564040148,-3.933));
#3756=CARTESIAN_POINT('',(1.015,-3.1653564040148,-6.633));
#3757=CARTESIAN_POINT('',(1.015,-3.1653564040148,-6.633));
#3758=CARTESIAN_POINT('',(1.015,-3.5522,-6.633));
#3759=CARTESIAN_POINT('',(-2.35,-3.8772,-6.633));
#3760=CARTESIAN_POINT('',(1.1381564040148,-3.0422,-6.633));
#3761=CARTESIAN_POINT('',(1.1381564040148,-3.0422,-6.633));
#3762=CARTESIAN_POINT('',(2.32526671528621E-11,-2.02720000002326,-6.633));
#3763=CARTESIAN_POINT('',(1.1381564040148,-3.0422,-6.633));
#3764=CARTESIAN_POINT('',(1.1381564040148,-3.0422,-3.933));
#3765=CARTESIAN_POINT('',(1.1381564040148,-3.0422,-3.933));
#3766=CARTESIAN_POINT('',(1.1381564040148,-3.0422,-6.633));
#3767=CARTESIAN_POINT('',(0.,0.,-3.933));
#3768=CARTESIAN_POINT('',(1.2383557647138,-2.9172,-3.933));
#3769=CARTESIAN_POINT('',(1.2383557647138,-2.9172,-3.933));
#3770=CARTESIAN_POINT('',(1.65,-2.9172,-3.933));
#3771=CARTESIAN_POINT('',(1.65,-2.9172,-3.933));
#3772=CARTESIAN_POINT('',(1.65,-3.6772,-3.933));
#3773=CARTESIAN_POINT('',(1.65,-3.6772,-3.933));
#3774=CARTESIAN_POINT('',(0.89,-3.6772,-3.933));
#3775=CARTESIAN_POINT('',(0.89,-3.6772,-3.933));
#3776=CARTESIAN_POINT('',(0.89,-3.2655557647138,-3.933));
#3777=CARTESIAN_POINT('',(2.88462830011493E-12,-2.02720000000288,-3.933));
#3778=CARTESIAN_POINT('',(2.88462830011493E-12,-2.02720000000288,-3.933));
#3779=CARTESIAN_POINT('',(1.525,-1.0122,-6.633));
#3780=CARTESIAN_POINT('',(1.525,-1.0122,-3.933));
#3781=CARTESIAN_POINT('',(1.1381564040148,-1.0122,-3.933));
#3782=CARTESIAN_POINT('',(1.1381564040148,-1.0122,-6.633));
#3783=CARTESIAN_POINT('',(1.1381564040148,-1.0122,-6.633));
#3784=CARTESIAN_POINT('',(1.525,-1.0122,-6.633));
#3785=CARTESIAN_POINT('',(-2.35,-3.8772,-6.633));
#3786=CARTESIAN_POINT('',(1.04679719753475E-11,-2.02719999998917,-6.633));
#3787=CARTESIAN_POINT('',(1.015,-0.88904359598516,-6.633));
#3788=CARTESIAN_POINT('',(1.015,-0.88904359598516,-6.633));
#3789=CARTESIAN_POINT('',(1.015,-0.88904359598516,-6.633));
#3790=CARTESIAN_POINT('',(1.015,-0.88904359598516,-3.933));
#3791=CARTESIAN_POINT('',(1.015,-0.88904359598516,-3.933));
#3792=CARTESIAN_POINT('',(1.015,-0.88904359598516,-6.633));
#3793=CARTESIAN_POINT('',(0.,0.,-3.933));
#3794=CARTESIAN_POINT('',(0.89,-0.78884423528616,-3.933));
#3795=CARTESIAN_POINT('',(0.89,-0.78884423528616,-3.933));
#3796=CARTESIAN_POINT('',(0.89,-0.3772,-3.933));
#3797=CARTESIAN_POINT('',(0.89,-0.3772,-3.933));
#3798=CARTESIAN_POINT('',(1.65,-0.3772,-3.933));
#3799=CARTESIAN_POINT('',(1.65,-0.3772,-3.933));
#3800=CARTESIAN_POINT('',(1.65,-1.1372,-3.933));
#3801=CARTESIAN_POINT('',(1.65,-1.1372,-3.933));
#3802=CARTESIAN_POINT('',(1.2383557647138,-1.1372,-3.933));
#3803=CARTESIAN_POINT('',(1.59572875746417E-12,-2.02719999999826,-3.933));
#3804=CARTESIAN_POINT('',(1.59572875746417E-12,-2.02719999999826,-3.933));
#3805=CARTESIAN_POINT('',(-1.525,-3.0422,-6.633));
#3806=CARTESIAN_POINT('',(-1.525,-3.0422,-3.933));
#3807=CARTESIAN_POINT('',(-1.1381564040148,-3.0422,-3.933));
#3808=CARTESIAN_POINT('',(-1.1381564040148,-3.0422,-6.633));
#3809=CARTESIAN_POINT('',(-1.1381564040148,-3.0422,-6.633));
#3810=CARTESIAN_POINT('',(-1.525,-3.0422,-6.633));
#3811=CARTESIAN_POINT('',(-2.35,-3.8772,-6.633));
#3812=CARTESIAN_POINT('',(-1.015,-3.1653564040148,-6.633));
#3813=CARTESIAN_POINT('',(-1.015,-3.1653564040148,-6.633));
#3814=CARTESIAN_POINT('',(-2.31216955304259E-11,-2.02720000002313,-6.633));
#3815=CARTESIAN_POINT('',(-1.015,-3.1653564040148,-6.633));
#3816=CARTESIAN_POINT('',(-1.015,-3.1653564040148,-3.933));
#3817=CARTESIAN_POINT('',(-1.015,-3.1653564040148,-3.933));
#3818=CARTESIAN_POINT('',(-1.015,-3.1653564040148,-6.633));
#3819=CARTESIAN_POINT('',(0.,0.,-3.933));
#3820=CARTESIAN_POINT('',(-0.89,-3.2655557647138,-3.933));
#3821=CARTESIAN_POINT('',(-0.89,-3.2655557647138,-3.933));
#3822=CARTESIAN_POINT('',(-0.89,-3.6772,-3.933));
#3823=CARTESIAN_POINT('',(-0.89,-3.6772,-3.933));
#3824=CARTESIAN_POINT('',(-1.65,-3.6772,-3.933));
#3825=CARTESIAN_POINT('',(-1.65,-3.6772,-3.933));
#3826=CARTESIAN_POINT('',(-1.65,-2.9172,-3.933));
#3827=CARTESIAN_POINT('',(-1.65,-2.9172,-3.933));
#3828=CARTESIAN_POINT('',(-1.2383557647138,-2.9172,-3.933));
#3829=CARTESIAN_POINT('',(-2.89200087488783E-12,-2.02720000000289,-3.933));
#3830=CARTESIAN_POINT('',(-2.89200087488783E-12,-2.02720000000289,-3.933));
#3831=CARTESIAN_POINT('',(-1.015,-0.5022,-6.633));
#3832=CARTESIAN_POINT('',(-1.015,-0.5022,-3.933));
#3833=CARTESIAN_POINT('',(-1.015,-0.88904359598516,-3.933));
#3834=CARTESIAN_POINT('',(-1.015,-0.88904359598516,-6.633));
#3835=CARTESIAN_POINT('',(-1.015,-0.88904359598516,-6.633));
#3836=CARTESIAN_POINT('',(-1.015,-0.5022,-6.633));
#3837=CARTESIAN_POINT('',(-2.35,-3.8772,-6.633));
#3838=CARTESIAN_POINT('',(-1.3612808796859E-11,-2.02719999998602,-6.633));
#3839=CARTESIAN_POINT('',(-1.1381564040148,-1.0122,-6.633));
#3840=CARTESIAN_POINT('',(-1.1381564040148,-1.0122,-6.633));
#3841=CARTESIAN_POINT('',(-1.1381564040148,-1.0122,-6.633));
#3842=CARTESIAN_POINT('',(-1.1381564040148,-1.0122,-3.933));
#3843=CARTESIAN_POINT('',(-1.1381564040148,-1.0122,-3.933));
#3844=CARTESIAN_POINT('',(-1.1381564040148,-1.0122,-6.633));
#3845=CARTESIAN_POINT('',(0.,0.,-3.933));
#3846=CARTESIAN_POINT('',(-1.2383557647138,-1.1372,-3.933));
#3847=CARTESIAN_POINT('',(-1.2383557647138,-1.1372,-3.933));
#3848=CARTESIAN_POINT('',(-1.65,-1.1372,-3.933));
#3849=CARTESIAN_POINT('',(-1.65,-1.1372,-3.933));
#3850=CARTESIAN_POINT('',(-1.65,-0.3772,-3.933));
#3851=CARTESIAN_POINT('',(-1.65,-0.3772,-3.933));
#3852=CARTESIAN_POINT('',(-0.89,-0.3772,-3.933));
#3853=CARTESIAN_POINT('',(-0.89,-0.3772,-3.933));
#3854=CARTESIAN_POINT('',(-0.89,-0.78884423528616,-3.933));
#3855=CARTESIAN_POINT('',(-1.58488673573931E-12,-2.02719999999827,-3.933));
#3856=CARTESIAN_POINT('',(-1.58488673573931E-12,-2.02719999999827,-3.933));
#3857=CARTESIAN_POINT('',(0.635,-2.0272,-6.41875));
#3858=CARTESIAN_POINT('',(0.635,-2.0272,-6.41875));
#3859=CARTESIAN_POINT('',(0.38,-2.0272,-6.41875));
#3860=CARTESIAN_POINT('',(-0.635,-2.0272,-6.41875));
#3861=CARTESIAN_POINT('',(-0.635,-2.0272,-6.41875));
#3862=CARTESIAN_POINT('',(-0.89,-2.0272,-6.41875));
#3863=CARTESIAN_POINT('',(1.65,-2.9172,-3.933));
#3864=CARTESIAN_POINT('',(1.65,-2.9172,-3.683));
#3865=CARTESIAN_POINT('',(1.65,-2.9172,-3.683));
#3866=CARTESIAN_POINT('',(1.65,-3.6772,-3.683));
#3867=CARTESIAN_POINT('',(1.65,-3.6772,-3.933));
#3868=CARTESIAN_POINT('',(1.65,-2.9172,-3.933));
#3869=CARTESIAN_POINT('',(1.65,-3.6772,-3.933));
#3870=CARTESIAN_POINT('',(1.65,-3.6772,-3.683));
#3871=CARTESIAN_POINT('',(0.89,-3.6772,-3.683));
#3872=CARTESIAN_POINT('',(0.89,-3.6772,-3.933));
#3873=CARTESIAN_POINT('',(0.89,-3.6772,-3.933));
#3874=CARTESIAN_POINT('',(0.89,-3.6772,-3.683));
#3875=CARTESIAN_POINT('',(0.89,-3.2655557647138,-3.683));
#3876=CARTESIAN_POINT('',(0.89,-3.2655557647138,-3.933));
#3877=CARTESIAN_POINT('',(2.88462830011493E-12,-2.02720000000288,-3.933));
#3878=CARTESIAN_POINT('',(2.88462830011493E-12,-2.02720000000288,-3.683));
#3879=CARTESIAN_POINT('',(1.2383557647138,-2.9172,-3.683));
#3880=CARTESIAN_POINT('',(1.2383557647138,-2.9172,-3.933));
#3881=CARTESIAN_POINT('',(1.2383557647138,-2.9172,-3.933));
#3882=CARTESIAN_POINT('',(1.2383557647138,-2.9172,-3.683));
#3883=CARTESIAN_POINT('',(1.65,-0.3772,-3.933));
#3884=CARTESIAN_POINT('',(1.65,-0.3772,-3.683));
#3885=CARTESIAN_POINT('',(1.65,-0.3772,-3.683));
#3886=CARTESIAN_POINT('',(1.65,-1.1372,-3.683));
#3887=CARTESIAN_POINT('',(1.65,-1.1372,-3.933));
#3888=CARTESIAN_POINT('',(1.65,-0.3772,-3.933));
#3889=CARTESIAN_POINT('',(1.65,-1.1372,-3.933));
#3890=CARTESIAN_POINT('',(1.65,-1.1372,-3.683));
#3891=CARTESIAN_POINT('',(1.2383557647138,-1.1372,-3.683));
#3892=CARTESIAN_POINT('',(1.2383557647138,-1.1372,-3.933));
#3893=CARTESIAN_POINT('',(1.59572875746417E-12,-2.02719999999826,-3.933));
#3894=CARTESIAN_POINT('',(1.59572875746417E-12,-2.02719999999826,-3.683));
#3895=CARTESIAN_POINT('',(0.89,-0.78884423528616,-3.683));
#3896=CARTESIAN_POINT('',(0.89,-0.78884423528616,-3.933));
#3897=CARTESIAN_POINT('',(0.89,-0.78884423528616,-3.933));
#3898=CARTESIAN_POINT('',(0.89,-0.78884423528616,-3.683));
#3899=CARTESIAN_POINT('',(0.89,-0.3772,-3.683));
#3900=CARTESIAN_POINT('',(0.89,-0.3772,-3.933));
#3901=CARTESIAN_POINT('',(0.89,-0.3772,-3.933));
#3902=CARTESIAN_POINT('',(0.89,-0.3772,-3.683));
#3903=CARTESIAN_POINT('',(-0.89,-3.6772,-3.933));
#3904=CARTESIAN_POINT('',(-0.89,-3.6772,-3.683));
#3905=CARTESIAN_POINT('',(-0.89,-3.6772,-3.683));
#3906=CARTESIAN_POINT('',(-1.65,-3.6772,-3.683));
#3907=CARTESIAN_POINT('',(-1.65,-3.6772,-3.933));
#3908=CARTESIAN_POINT('',(-0.89,-3.6772,-3.933));
#3909=CARTESIAN_POINT('',(-1.65,-3.6772,-3.933));
#3910=CARTESIAN_POINT('',(-1.65,-3.6772,-3.683));
#3911=CARTESIAN_POINT('',(-1.65,-2.9172,-3.683));
#3912=CARTESIAN_POINT('',(-1.65,-2.9172,-3.933));
#3913=CARTESIAN_POINT('',(-1.65,-2.9172,-3.933));
#3914=CARTESIAN_POINT('',(-1.65,-2.9172,-3.683));
#3915=CARTESIAN_POINT('',(-1.2383557647138,-2.9172,-3.683));
#3916=CARTESIAN_POINT('',(-1.2383557647138,-2.9172,-3.933));
#3917=CARTESIAN_POINT('',(-2.89200087488783E-12,-2.02720000000289,-3.933));
#3918=CARTESIAN_POINT('',(-2.89200087488783E-12,-2.02720000000289,-3.683));
#3919=CARTESIAN_POINT('',(-0.889999999999999,-3.2655557647138,-3.683));
#3920=CARTESIAN_POINT('',(-0.889999999999999,-3.2655557647138,-3.933));
#3921=CARTESIAN_POINT('',(-0.89,-3.2655557647138,-3.933));
#3922=CARTESIAN_POINT('',(-0.89,-3.2655557647138,-3.683));
#3923=CARTESIAN_POINT('',(-0.89,-0.3772,-3.933));
#3924=CARTESIAN_POINT('',(-0.89,-0.3772,-3.683));
#3925=CARTESIAN_POINT('',(-0.89,-0.3772,-3.683));
#3926=CARTESIAN_POINT('',(-0.89,-0.78884423528616,-3.683));
#3927=CARTESIAN_POINT('',(-0.89,-0.78884423528616,-3.933));
#3928=CARTESIAN_POINT('',(-0.89,-0.3772,-3.933));
#3929=CARTESIAN_POINT('',(-1.58488673573931E-12,-2.02719999999827,-3.933));
#3930=CARTESIAN_POINT('',(-1.58488673573931E-12,-2.02719999999827,-3.683));
#3931=CARTESIAN_POINT('',(-1.2383557647138,-1.1372,-3.683));
#3932=CARTESIAN_POINT('',(-1.2383557647138,-1.1372,-3.933));
#3933=CARTESIAN_POINT('',(-1.2383557647138,-1.1372,-3.933));
#3934=CARTESIAN_POINT('',(-1.2383557647138,-1.1372,-3.683));
#3935=CARTESIAN_POINT('',(-1.65,-1.1372,-3.683));
#3936=CARTESIAN_POINT('',(-1.65,-1.1372,-3.933));
#3937=CARTESIAN_POINT('',(-1.65,-1.1372,-3.933));
#3938=CARTESIAN_POINT('',(-1.65,-1.1372,-3.683));
#3939=CARTESIAN_POINT('',(-1.65,-0.3772,-3.683));
#3940=CARTESIAN_POINT('',(-1.65,-0.3772,-3.933));
#3941=CARTESIAN_POINT('',(-1.65,-0.3772,-3.933));
#3942=CARTESIAN_POINT('',(-1.65,-0.3772,-3.683));
#3943=CARTESIAN_POINT('',(0.635,-2.0272,-6.41875));
#3944=CARTESIAN_POINT('',(0.635,-2.0272,-3.683));
#3945=CARTESIAN_POINT('',(0.38,-2.0272,-3.683));
#3946=CARTESIAN_POINT('',(-0.635,-2.0272,-6.41875));
#3947=CARTESIAN_POINT('',(-0.635,-2.0272,-3.683));
#3948=CARTESIAN_POINT('',(-0.89,-2.0272,-3.683));
#3949=CARTESIAN_POINT('',(-2.35,-0.1772,-6.633));
#3950=CARTESIAN_POINT('',(2.35,-0.1772,-6.633));
#3951=CARTESIAN_POINT('',(2.35,-0.1772,-3.683));
#3952=CARTESIAN_POINT('',(2.35,-0.1772,-2.351));
#3953=CARTESIAN_POINT('',(-2.35,-0.1772,-3.683));
#3954=CARTESIAN_POINT('',(-2.35,-0.1772,-3.683));
#3955=CARTESIAN_POINT('',(-2.35,-0.1772,-6.633));
#3956=CARTESIAN_POINT('',(-2.35,-0.1772,-2.351));
#3957=CARTESIAN_POINT('',(-2.35,-0.1772,-2.351));
#3958=CARTESIAN_POINT('',(0.,0.,-3.683));
#3959=CARTESIAN_POINT('',(-2.35,0.,-3.683));
#3960=CARTESIAN_POINT('',(-2.35,-3.8772,-3.683));
#3961=CARTESIAN_POINT('',(2.35,0.,-3.683));
#3962=CARTESIAN_POINT('',(2.35,-3.8772,-3.683));
#3963=CARTESIAN_POINT('',(-2.35,-3.8772,-3.683));
#3964=CARTESIAN_POINT('',(-2.35,-3.8772,2.417));
#3965=CARTESIAN_POINT('',(-2.35,-3.8772,2.417));
#3966=CARTESIAN_POINT('',(-2.35,-3.8772,2.417));
#3967=CARTESIAN_POINT('',(2.35,-3.8772,2.417));
#3968=CARTESIAN_POINT('',(2.35,-3.8772,2.417));
#3969=CARTESIAN_POINT('',(-2.35,-3.8772,2.417));
#3970=CARTESIAN_POINT('',(-2.35,0.8128,2.417));
#3971=CARTESIAN_POINT('',(2.35,0.8128,2.417));
#3972=CARTESIAN_POINT('',(2.35,0.8128,2.417));
#3973=CARTESIAN_POINT('',(-2.35,0.8128,2.417));
#3974=CARTESIAN_POINT('',(-2.35,0.8128,2.417));
#3975=CARTESIAN_POINT('',(-2.35,0.8128,2.417));
#3976=CARTESIAN_POINT('',(-2.35,0.,0.));
#3977=CARTESIAN_POINT('',(-2.35,0.8128,-2.351));
#3978=CARTESIAN_POINT('',(-2.35,0.812800000000009,-3.78238614711658E-14));
#3979=CARTESIAN_POINT('',(-2.35,0.8128,-2.351));
#3980=CARTESIAN_POINT('',(-2.35,0.8128,-2.351));
#3981=CARTESIAN_POINT('',(-2.35,-0.1772,-2.351));
#3982=CARTESIAN_POINT('',(-2.35,-0.1772,-2.351));
#3983=CARTESIAN_POINT('',(2.35,-0.1772,-2.351));
#3984=CARTESIAN_POINT('',(2.35,0.8128,-2.351));
#3985=CARTESIAN_POINT('',(-2.35,0.8128,-2.351));
#3986=CARTESIAN_POINT('',(2.35,0.,0.));
#3987=CARTESIAN_POINT('',(2.35,0.8128,-2.351));
#3988=CARTESIAN_POINT('',(2.35000000000004,0.812800000000009,-3.78238614711658E-14));
#3989=CARTESIAN_POINT('',(2.35,0.8128,-2.351));
#3990=CARTESIAN_POINT('',(-2.35,0.8128,-2.351));
#3991=CARTESIAN_POINT('',(0.,0.812800000000009,-3.78238614711658E-14));
#3992=CARTESIAN_POINT('',(-2.35,0.8128,-2.351));
#3993=CARTESIAN_POINT('',(0.,0.812800000000009,-3.78238614711658E-14));
#3994=CARTESIAN_POINT('',(0.,11.6728,0.));
#3995=CARTESIAN_POINT('',(0.,1.31280000000001,-3.60824313850164E-14));
#3996=CARTESIAN_POINT('',(0.,1.3128,2.35));
#3997=CARTESIAN_POINT('',(0.,11.6728,0.));
#3998=CARTESIAN_POINT('',(-0.372877834019419,11.6728,-5.28686694753115));
#3999=CARTESIAN_POINT('',(-0.372877834019362,2.71280000000004,-5.28686694753118));
#4000=CARTESIAN_POINT('',(-0.372877834019419,1.7458127018922,-5.28686694753118));
#4001=CARTESIAN_POINT('',(0.,2.71280000000002,-3.12064271437979E-14));
#4002=CARTESIAN_POINT('',(0.372877834019362,2.71280000000004,-5.28686694753118));
#4003=CARTESIAN_POINT('',(0.372877834019419,11.6728,-5.28686694753115));
#4004=CARTESIAN_POINT('',(0.372877834019419,1.7458127018922,-5.28686694753118));
#4005=CARTESIAN_POINT('',(0.,1.74581270189222,-3.45743086914965E-14));
#4006=CARTESIAN_POINT('',(0.,1.31280000000002,-3.60824313850164E-14));
#4007=CARTESIAN_POINT('',(-0.3728778340194,1.74581270189219,-5.28686694753116));
#4008=CARTESIAN_POINT('',(-0.553629683878576,1.58753466418383,-5.18250981835844));
#4009=CARTESIAN_POINT('',(-0.739888449818196,1.44142012425982,-5.07497326970428));
#4010=CARTESIAN_POINT('',(-0.93406765777598,1.31279999999999,-4.96286385171883));
#4011=CARTESIAN_POINT('',(-0.934067657775985,1.3128,-4.96286385171883));
#4012=CARTESIAN_POINT('',(0.934067657775984,1.3128,-4.96286385171883));
#4013=CARTESIAN_POINT('',(0.739164443093626,1.44189969071732,-5.07539127518161));
#4014=CARTESIAN_POINT('',(0.553036111950693,1.58805443424459,-5.18285251727079));
#4015=CARTESIAN_POINT('',(0.372877834019401,1.74581270189219,-5.28686694753116));
#4016=CARTESIAN_POINT('',(0.934067657775985,1.3128,-4.96286385171883));
#4017=CARTESIAN_POINT('',(0.,1.31280000000002,-3.60824313850164E-14));
#4018=CARTESIAN_POINT('',(0.,11.6728,0.));
#4019=CARTESIAN_POINT('',(4.39212216598049,11.6728,-2.9663551505346));
#4020=CARTESIAN_POINT('',(4.39212216598052,2.71280000000003,-2.96635515053458));
#4021=CARTESIAN_POINT('',(4.39212216598049,1.7458127018922,-2.96635515053464));
#4022=CARTESIAN_POINT('',(0.,2.71280000000002,-3.12064271437979E-14));
#4023=CARTESIAN_POINT('',(4.765,2.71280000000003,-2.32051179699662));
#4024=CARTESIAN_POINT('',(4.765,11.6728,-2.32051179699659));
#4025=CARTESIAN_POINT('',(4.765,1.7458127018922,-2.32051179699663));
#4026=CARTESIAN_POINT('',(0.,1.74581270189222,-3.45743086914965E-14));
#4027=CARTESIAN_POINT('',(0.,1.31280000000002,-3.60824313850164E-14));
#4028=CARTESIAN_POINT('',(4.39212216598049,1.74581270189218,-2.96635515053461));
#4029=CARTESIAN_POINT('',(4.21137031612131,1.58753466418382,-3.07071227970732));
#4030=CARTESIAN_POINT('',(4.02511155018169,1.44142012425982,-3.17824882836148));
#4031=CARTESIAN_POINT('',(3.83093234222391,1.31279999999999,-3.29035824634694));
#4032=CARTESIAN_POINT('',(3.83093234222391,1.3128,-3.29035824634694));
#4033=CARTESIAN_POINT('',(4.765,1.3128,-1.67250560537188));
#4034=CARTESIAN_POINT('',(4.765,1.44189969071733,-1.89756045229746));
#4035=CARTESIAN_POINT('',(4.765,1.5880544342446,-2.11248293647586));
#4036=CARTESIAN_POINT('',(4.765,1.74581270189222,-2.32051179699661));
#4037=CARTESIAN_POINT('',(4.765,1.3128,-1.67250560537188));
#4038=CARTESIAN_POINT('',(0.,1.31280000000002,-3.60824313850164E-14));
#4039=CARTESIAN_POINT('',(0.,11.6728,0.));
#4040=CARTESIAN_POINT('',(4.765,11.6728,2.32051179699659));
#4041=CARTESIAN_POINT('',(4.765,2.71280000000001,2.32051179699655));
#4042=CARTESIAN_POINT('',(4.765,1.7458127018922,2.32051179699656));
#4043=CARTESIAN_POINT('',(0.,2.71280000000002,-3.12064271437979E-14));
#4044=CARTESIAN_POINT('',(4.39212216598045,2.71280000000001,2.96635515053462));
#4045=CARTESIAN_POINT('',(4.39212216598049,11.6728,2.9663551505346));
#4046=CARTESIAN_POINT('',(4.39212216598049,1.7458127018922,2.96635515053457));
#4047=CARTESIAN_POINT('',(0.,1.74581270189222,-3.45743086914965E-14));
#4048=CARTESIAN_POINT('',(0.,1.31280000000002,-3.60824313850164E-14));
#4049=CARTESIAN_POINT('',(4.765,1.74581270189221,2.32051179699655));
#4050=CARTESIAN_POINT('',(4.765,1.58753466418384,2.1117975386511));
#4051=CARTESIAN_POINT('',(4.765,1.44142012425982,1.89672444134276));
#4052=CARTESIAN_POINT('',(4.765,1.31279999999999,1.67250560537183));
#4053=CARTESIAN_POINT('',(4.765,1.3128,1.67250560537183));
#4054=CARTESIAN_POINT('',(3.83093234222382,1.3128,3.29035824634699));
#4055=CARTESIAN_POINT('',(4.02583555690621,1.44189969071733,3.17783082288419));
#4056=CARTESIAN_POINT('',(4.21196388804917,1.58805443424462,3.07036958079499));
#4057=CARTESIAN_POINT('',(4.39212216598049,1.74581270189224,2.9663551505346));
#4058=CARTESIAN_POINT('',(3.83093234222382,1.3128,3.29035824634699));
#4059=CARTESIAN_POINT('',(0.,1.31280000000002,-3.60824313850164E-14));
#4060=CARTESIAN_POINT('',(0.,11.6728,0.));
#4061=CARTESIAN_POINT('',(0.372877834019419,11.6728,5.28686694753115));
#4062=CARTESIAN_POINT('',(0.372877834019486,2.7128,5.28686694753111));
#4063=CARTESIAN_POINT('',(0.372877834019419,1.7458127018922,5.28686694753112));
#4064=CARTESIAN_POINT('',(0.,2.71280000000002,-3.12064271437979E-14));
#4065=CARTESIAN_POINT('',(-0.372877834019485,2.7128,5.28686694753111));
#4066=CARTESIAN_POINT('',(-0.372877834019419,11.6728,5.28686694753115));
#4067=CARTESIAN_POINT('',(-0.372877834019419,1.7458127018922,5.28686694753112));
#4068=CARTESIAN_POINT('',(0.,1.74581270189222,-3.45743086914965E-14));
#4069=CARTESIAN_POINT('',(0.,1.31280000000002,-3.60824313850164E-14));
#4070=CARTESIAN_POINT('',(0.372877834019448,1.74581270189223,5.28686694753113));
#4071=CARTESIAN_POINT('',(0.553629683878652,1.58753466418385,5.1825098183584));
#4072=CARTESIAN_POINT('',(0.7398884498183,1.44142012425983,5.07497326970422));
#4073=CARTESIAN_POINT('',(0.934067657776114,1.31279999999999,4.96286385171875));
#4074=CARTESIAN_POINT('',(0.934067657776119,1.3128,4.96286385171875));
#4075=CARTESIAN_POINT('',(-0.934067657776119,1.3128,4.96286385171875));
#4076=CARTESIAN_POINT('',(-0.73916444309373,1.44189969071733,5.07539127518155));
#4077=CARTESIAN_POINT('',(-0.553036111950768,1.58805443424461,5.18285251727075));
#4078=CARTESIAN_POINT('',(-0.372877834019451,1.74581270189223,5.28686694753113));
#4079=CARTESIAN_POINT('',(-0.934067657776119,1.3128,4.96286385171875));
#4080=CARTESIAN_POINT('',(0.,1.31280000000002,-3.60824313850164E-14));
#4081=CARTESIAN_POINT('',(0.,1.3128,2.35));
#4082=CARTESIAN_POINT('',(-4.765,1.3128,-2.7510740326886));
#4083=CARTESIAN_POINT('',(-4.765,1.3128,-1.67250560537188));
#4084=CARTESIAN_POINT('',(-4.765,1.3128,1.67250560537183));
#4085=CARTESIAN_POINT('',(0.,1.31280000000002,-3.60824313850164E-14));
#4086=CARTESIAN_POINT('',(-3.83093234222391,1.3128,-3.29035824634694));
#4087=CARTESIAN_POINT('',(0.,1.3128,-5.5021480653771));
#4088=CARTESIAN_POINT('',(4.765,1.3128,-2.7510740326886));
#4089=CARTESIAN_POINT('',(4.765,1.3128,2.7510740326886));
#4090=CARTESIAN_POINT('',(0.,1.3128,5.5021480653771));
#4091=CARTESIAN_POINT('',(-4.765,1.3128,2.7510740326886));
#4092=CARTESIAN_POINT('',(-3.83093234222382,1.3128,3.29035824634699));
#4093=CARTESIAN_POINT('',(0.,1.31280000000002,-3.60824313850164E-14));
#4094=CARTESIAN_POINT('',(0.,1.31280000000002,-3.60824313850164E-14));
#4095=CARTESIAN_POINT('',(-4.765,1.74581270189222,-2.32051179699662));
#4096=CARTESIAN_POINT('',(-4.765,1.58753466418384,-2.11179753865116));
#4097=CARTESIAN_POINT('',(-4.765,1.44142012425982,-1.89672444134281));
#4098=CARTESIAN_POINT('',(-4.765,1.31279999999999,-1.67250560537188));
#4099=CARTESIAN_POINT('',(-4.765,1.7458127018922,-2.32051179699663));
#4100=CARTESIAN_POINT('',(0.,1.74581270189222,-3.45743086914965E-14));
#4101=CARTESIAN_POINT('',(-4.39212216598049,1.7458127018922,-2.96635515053464));
#4102=CARTESIAN_POINT('',(-3.83093234222391,1.3128,-3.29035824634694));
#4103=CARTESIAN_POINT('',(-4.02583555690626,1.44189969071732,-3.17783082288416));
#4104=CARTESIAN_POINT('',(-4.2119638880492,1.58805443424459,-3.07036958079497));
#4105=CARTESIAN_POINT('',(-4.39212216598049,1.74581270189219,-2.96635515053461));
#4106=CARTESIAN_POINT('',(0.,11.6728,0.));
#4107=CARTESIAN_POINT('',(-4.765,11.6728,-2.32051179699659));
#4108=CARTESIAN_POINT('',(-4.765,2.71280000000003,-2.32051179699662));
#4109=CARTESIAN_POINT('',(0.,2.71280000000002,-3.12064271437979E-14));
#4110=CARTESIAN_POINT('',(-4.39212216598052,2.71280000000003,-2.96635515053458));
#4111=CARTESIAN_POINT('',(-4.39212216598049,11.6728,-2.9663551505346));
#4112=CARTESIAN_POINT('',(0.,11.6728,0.));
#4113=CARTESIAN_POINT('',(-4.765,11.6728,2.32051179699659));
#4114=CARTESIAN_POINT('',(-4.765,1.7458127018922,2.32051179699656));
#4115=CARTESIAN_POINT('',(-4.765,2.71280000000001,2.32051179699655));
#4116=CARTESIAN_POINT('',(0.,1.74581270189222,-3.45743086914965E-14));
#4117=CARTESIAN_POINT('',(-4.39212216598049,1.7458127018922,2.96635515053457));
#4118=CARTESIAN_POINT('',(-4.39212216598049,11.6728,2.9663551505346));
#4119=CARTESIAN_POINT('',(-4.39212216598046,2.71280000000001,2.96635515053462));
#4120=CARTESIAN_POINT('',(0.,2.71280000000002,-3.12064271437979E-14));
#4121=CARTESIAN_POINT('',(0.,1.31280000000002,-3.60824313850164E-14));
#4122=CARTESIAN_POINT('',(-4.765,1.3128,1.67250560537183));
#4123=CARTESIAN_POINT('',(-4.765,1.44189969071732,1.89756045229741));
#4124=CARTESIAN_POINT('',(-4.765,1.5880544342446,2.1124829364758));
#4125=CARTESIAN_POINT('',(-4.765,1.7458127018922,2.32051179699655));
#4126=CARTESIAN_POINT('',(-4.39212216598049,1.74581270189224,2.9663551505346));
#4127=CARTESIAN_POINT('',(-4.21137031612129,1.58753466418385,3.07071227970733));
#4128=CARTESIAN_POINT('',(-4.02511155018164,1.44142012425983,3.17824882836151));
#4129=CARTESIAN_POINT('',(-3.83093234222382,1.31279999999999,3.29035824634699));
#4130=CARTESIAN_POINT('',(0.,2.71280000000002,-3.12064271437979E-14));
#4131=CARTESIAN_POINT('',(-4.765,2.96280000000002,-0.991130849052241));
#4132=CARTESIAN_POINT('',(-4.765,2.91011137282322,-1.43926364612323));
#4133=CARTESIAN_POINT('',(-4.765,2.82367746448665,-1.88188414967539));
#4134=CARTESIAN_POINT('',(-4.765,2.71280000000003,-2.32051179699662));
#4135=CARTESIAN_POINT('',(-4.765,2.9628,-0.991130849052238));
#4136=CARTESIAN_POINT('',(0.,2.96280000000002,-3.03357121007232E-14));
#4137=CARTESIAN_POINT('',(-3.2408444937537,2.96280000000003,-3.63104562450673));
#4138=CARTESIAN_POINT('',(-4.39212216598052,2.71280000000003,-2.96635515053458));
#4139=CARTESIAN_POINT('',(-4.01084155043817,2.82409134167704,-3.18648761655475));
#4140=CARTESIAN_POINT('',(-3.62733976167114,2.91032847301185,-3.40790247753409));
#4141=CARTESIAN_POINT('',(-3.2408444937537,2.96280000000003,-3.63104562450673));
#4142=CARTESIAN_POINT('',(0.,1.3128,-5.5021480653771));
#4143=CARTESIAN_POINT('',(-4.4899673200287,2.96280000000003,-2.90986422450597));
#4144=CARTESIAN_POINT('',(-1.52415550624619,2.9628,-4.62217647355904));
#4145=CARTESIAN_POINT('',(-1.52415550624618,2.96280000000003,-4.62217647355904));
#4146=CARTESIAN_POINT('',(-1.13606111971374,2.91011137282323,-4.84624287209452));
#4147=CARTESIAN_POINT('',(-0.752740519401732,2.82367746448666,-5.06755312387058));
#4148=CARTESIAN_POINT('',(-0.372877834019363,2.71280000000004,-5.28686694753118));
#4149=CARTESIAN_POINT('',(0.,2.71280000000002,-3.12064271437979E-14));
#4150=CARTESIAN_POINT('',(0.,2.96280000000002,-3.03357121007232E-14));
#4151=CARTESIAN_POINT('',(1.52415550624619,2.96280000000003,-4.62217647355904));
#4152=CARTESIAN_POINT('',(0.372877834019363,2.71280000000004,-5.28686694753118));
#4153=CARTESIAN_POINT('',(0.75415844956172,2.82409134167704,-5.06673448151102));
#4154=CARTESIAN_POINT('',(1.13766023832875,2.91032847301185,-4.84531962053168));
#4155=CARTESIAN_POINT('',(1.52415550624618,2.96280000000003,-4.62217647355904));
#4156=CARTESIAN_POINT('',(4.765,1.3128,-2.7510740326886));
#4157=CARTESIAN_POINT('',(4.4899673200287,2.96280000000003,-2.90986422450597));
#4158=CARTESIAN_POINT('',(3.2408444937537,2.9628,-3.63104562450673));
#4159=CARTESIAN_POINT('',(3.24084449375371,2.96280000000003,-3.63104562450673));
#4160=CARTESIAN_POINT('',(3.62893888028615,2.91011137282323,-3.40697922597125));
#4161=CARTESIAN_POINT('',(4.01225948059816,2.82367746448665,-3.18566897419518));
#4162=CARTESIAN_POINT('',(4.39212216598052,2.71280000000003,-2.96635515053458));
#4163=CARTESIAN_POINT('',(0.,2.71280000000002,-3.12064271437979E-14));
#4164=CARTESIAN_POINT('',(0.,2.96280000000002,-3.03357121007232E-14));
#4165=CARTESIAN_POINT('',(4.765,2.96280000000002,-0.991130849052238));
#4166=CARTESIAN_POINT('',(4.765,2.71280000000003,-2.32051179699662));
#4167=CARTESIAN_POINT('',(4.765,2.82409134167703,-1.88024686495626));
#4168=CARTESIAN_POINT('',(4.765,2.91032847301184,-1.43741714299756));
#4169=CARTESIAN_POINT('',(4.765,2.96280000000002,-0.991130849052238));
#4170=CARTESIAN_POINT('',(4.765,1.3128,2.7510740326886));
#4171=CARTESIAN_POINT('',(4.765,2.9628,4.8669872981078));
#4172=CARTESIAN_POINT('',(4.765,2.9628,0.991130849052177));
#4173=CARTESIAN_POINT('',(4.765,2.96280000000001,0.99113084905218));
#4174=CARTESIAN_POINT('',(4.765,2.91011137282322,1.43926364612317));
#4175=CARTESIAN_POINT('',(4.765,2.82367746448664,1.88188414967533));
#4176=CARTESIAN_POINT('',(4.765,2.71280000000001,2.32051179699655));
#4177=CARTESIAN_POINT('',(0.,2.71280000000002,-3.12064271437979E-14));
#4178=CARTESIAN_POINT('',(0.,2.96280000000002,-3.03357121007232E-14));
#4179=CARTESIAN_POINT('',(3.24084449375352,2.9628,3.63104562450684));
#4180=CARTESIAN_POINT('',(4.39212216598045,2.71280000000001,2.96635515053463));
#4181=CARTESIAN_POINT('',(4.01084155043806,2.82409134167702,3.18648761655481));
#4182=CARTESIAN_POINT('',(3.62733976167099,2.91032847301183,3.40790247753417));
#4183=CARTESIAN_POINT('',(3.24084449375352,2.96280000000001,3.63104562450684));
#4184=CARTESIAN_POINT('',(0.,1.3128,5.5021480653771));
#4185=CARTESIAN_POINT('',(0.275032679971212,2.9628,5.34335787355978));
#4186=CARTESIAN_POINT('',(1.52415550624642,2.9628,4.6221764735589));
#4187=CARTESIAN_POINT('',(1.52415550624642,2.9628,4.6221764735589));
#4188=CARTESIAN_POINT('',(1.13606111971395,2.91011137282321,4.8462428720944));
#4189=CARTESIAN_POINT('',(0.752740519401895,2.82367746448663,5.06755312387049));
#4190=CARTESIAN_POINT('',(0.372877834019486,2.7128,5.28686694753111));
#4191=CARTESIAN_POINT('',(0.,2.71280000000002,-3.12064271437979E-14));
#4192=CARTESIAN_POINT('',(0.,2.96280000000002,-3.03357121007232E-14));
#4193=CARTESIAN_POINT('',(-1.52415550624642,2.9628,4.6221764735589));
#4194=CARTESIAN_POINT('',(-0.372877834019485,2.7128,5.28686694753111));
#4195=CARTESIAN_POINT('',(-0.754158449561881,2.82409134167701,5.06673448151093));
#4196=CARTESIAN_POINT('',(-1.13766023832895,2.91032847301182,4.84531962053157));
#4197=CARTESIAN_POINT('',(-1.52415550624642,2.9628,4.6221764735589));
#4198=CARTESIAN_POINT('',(-4.765,1.3128,2.7510740326886));
#4199=CARTESIAN_POINT('',(-0.275032679971212,2.9628,5.34335787355978));
#4200=CARTESIAN_POINT('',(-3.24084449375352,2.9628,3.63104562450684));
#4201=CARTESIAN_POINT('',(-3.24084449375352,2.9628,3.63104562450684));
#4202=CARTESIAN_POINT('',(-3.628938880286,2.91011137282321,3.40697922597133));
#4203=CARTESIAN_POINT('',(-4.01225948059805,2.82367746448663,3.18566897419525));
#4204=CARTESIAN_POINT('',(-4.39212216598045,2.71280000000001,2.96635515053462));
#4205=CARTESIAN_POINT('',(0.,2.71280000000002,-3.12064271437979E-14));
#4206=CARTESIAN_POINT('',(-4.765,2.71280000000001,2.32051179699655));
#4207=CARTESIAN_POINT('',(-4.765,2.82409134167702,1.8802468649562));
#4208=CARTESIAN_POINT('',(-4.765,2.91032847301183,1.43741714299749));
#4209=CARTESIAN_POINT('',(-4.765,2.96280000000001,0.991130849052177));
#4210=CARTESIAN_POINT('',(-4.765,2.96280000000001,0.991130849052177));
#4211=CARTESIAN_POINT('',(0.,2.96280000000002,-3.03357121007232E-14));
#4212=CARTESIAN_POINT('',(-4.765,1.3128,-2.7510740326886));
#4213=CARTESIAN_POINT('',(-4.765,2.9628,4.8669872981078));
#4214=CARTESIAN_POINT('',(0.,2.9628,4.8669872981078));
#4215=CARTESIAN_POINT('',(0.,2.96280000000001,-3.03357121007232E-14));
#4216=CARTESIAN_POINT('',(0.,2.9628,4.025));
#4217=CARTESIAN_POINT('',(0.,11.6728,0.));
#4218=CARTESIAN_POINT('',(0.,2.56780000000001,-3.17114418687813E-14));
#4219=CARTESIAN_POINT('',(0.,2.5678,4.025));
#4220=CARTESIAN_POINT('',(0.,2.5678,4.025));
#4221=CARTESIAN_POINT('',(0.,2.56780000000001,-3.17114418687813E-14));
#4222=CARTESIAN_POINT('',(0.,2.5678,3.175));
#4223=CARTESIAN_POINT('',(0.,11.6728,0.));
#4224=MECHANICAL_DESIGN_GEOMETRIC_PRESENTATION_REPRESENTATION('',(#2396),
#4225);
#4225=(
GEOMETRIC_REPRESENTATION_CONTEXT(3)
GLOBAL_UNCERTAINTY_ASSIGNED_CONTEXT((#4226))
GLOBAL_UNIT_ASSIGNED_CONTEXT((#4229,#4228,#4227))
REPRESENTATION_CONTEXT('CJT-T-P-HH-RA-BH1','TOP_LEVEL_ASSEMBLY_PART')
);
#4226=UNCERTAINTY_MEASURE_WITH_UNIT(LENGTH_MEASURE(1.E-5),#4229,
'DISTANCE_ACCURACY_VALUE','Maximum Tolerance applied to model');
#4227=(
NAMED_UNIT(*)
SI_UNIT($,.STERADIAN.)
SOLID_ANGLE_UNIT()
);
#4228=(
NAMED_UNIT(*)
PLANE_ANGLE_UNIT()
SI_UNIT($,.RADIAN.)
);
#4229=(
LENGTH_UNIT()
NAMED_UNIT(*)
SI_UNIT(.MILLI.,.METRE.)
);
#4230=PRODUCT_DEFINITION_SHAPE('','',#4231);
#4231=PRODUCT_DEFINITION('','',#4233,#4232);
#4232=PRODUCT_DEFINITION_CONTEXT('',#4239,'design');
#4233=PRODUCT_DEFINITION_FORMATION_WITH_SPECIFIED_SOURCE('','',#4235,
 .NOT_KNOWN.);
#4234=PRODUCT_RELATED_PRODUCT_CATEGORY('','',(#4235));
#4235=PRODUCT('CJT-T-P-HH-RA-BH1','CJT-T-P-HH-RA-BH1',
'CJT-T-P-HH-RA-BH1',(#4237));
#4236=PRODUCT_CATEGORY('','');
#4237=PRODUCT_CONTEXT('',#4239,'mechanical');
#4238=APPLICATION_PROTOCOL_DEFINITION('international standard',
'automotive_design',2010,#4239);
#4239=APPLICATION_CONTEXT(
'core data for automotive mechanical design processes');
ENDSEC;
END-ISO-10303-21;
